﻿<?xml version="1.0" encoding="utf-8" standalone="no" ?>
<vehicle type="tractor">
    <annotation>Copyright (C) GIANTS Software GmbH, All Rights Reserved.</annotation>

	<storeData>
        <name>800 S4 Vario</name>
        <specs>
            <power>280</power>
            <maxSpeed>58</maxSpeed>
        </specs>
        <functions>
            <function>$l10n_function_tractor</function>
            <function>$l10n_function_reverseDriveControl</function>
        </functions>
        <image>store_fendt800.png</image>
        <price>212000</price>
        <lifetime>600</lifetime>
        <rotation>0</rotation>
        <brand>FENDT</brand>
        <category>tractorsM</category>
        <vertexBufferMemoryUsage>4967648</vertexBufferMemoryUsage>
        <indexBufferMemoryUsage>794196</indexBufferMemoryUsage>
        <textureMemoryUsage>94843040</textureMemoryUsage>
        <instanceVertexBufferMemoryUsage>0</instanceVertexBufferMemoryUsage>
        <instanceIndexBufferMemoryUsage>0</instanceIndexBufferMemoryUsage>
    </storeData>

	<base>
        <typeDesc>$l10n_typeDesc_tractor</typeDesc>
        <filename>fendt800/fendt800.i3d</filename>
        <size width="3" length="5.5" />
		<components>
            <component centerOfMass="0 0.92 0.1" solverIterationCount="20" mass="8325" />
            <component centerOfMass="0 0.0 0"  solverIterationCount="20" mass="2100" />
            <joint component1="1" component2="2" node="frontAxisJoint" rotLimit="0 0 10" rotLimitSpring="0 0 4000" rotLimitDamping="0 0 75" maxRotDriveForce="0 0 20" rotDriveRotation="0 0 0" rotDriveSpring="0 0 30" rotDriveDamping="0 0 20" breakable="false"/>
        </components>
        <schemaOverlay attacherJointPosition="0 0">
            <default name="DEFAULT_VEHICLE"/>
            <turnedOn name="DEFAULT_VEHICLE_ON"/>
            <selected name="DEFAULT_VEHICLE_SELECTED"/>
            <turnedOnSelected name="DEFAULT_VEHICLE_SELECTED_ON"/>
        </schemaOverlay>
    </base>

    <wheels>
        <wheelConfigurations>
            <wheelConfiguration name="$l10n_configuration_valueDefault" price="0" brand="TRELLEBORG">
                <wheels autoRotateBackSpeed="2.2">
                    <wheel filename="$data/shared/wheels/trelleborg/TM800/600_65R34.xml" isLeft="true" hasTireTracks="true" hasParticles="true" >
                        <physics rotSpeed="1" restLoad="2.0" repr="wheelFrontLeftAxis"  driveNode="wheelFrontLeft"  forcePointRatio="0.5" initialCompression="25" suspTravel="0.19" spring="38" damper="40" />
                        <fender node="wheelLeftFender" rotMax="24" />
                        <steering node="steeringBar" nodeMinTransX="-0.125" nodeMaxTransX="0.125" />
                    </wheel>
                    <wheel filename="$data/shared/wheels/trelleborg/TM800/600_65R34.xml" isLeft="false" hasTireTracks="true" hasParticles="true" >
                        <physics rotSpeed="1" restLoad="2.0" repr="wheelFrontRightAxis" driveNode="wheelFrontRight" forcePointRatio="0.5" initialCompression="25" suspTravel="0.19" spring="38" damper="40" />
                        <fender node="wheelRightFender" rotMin="-24" />
                    </wheel>
                    <wheel filename="$data/shared/wheels/trelleborg/TM900/710_75R42.xml" isLeft="true" hasTireTracks="true" hasParticles="true" >
                        <physics rotSpeed="0" restLoad="2.0" repr="wheelBackLeft"  forcePointRatio="0.5" initialCompression="20" suspTravel="0.27" spring="31" damper="40" />
                    </wheel>
                    <wheel filename="$data/shared/wheels/trelleborg/TM900/710_75R42.xml" isLeft="false" hasTireTracks="true" hasParticles="true" >
                        <physics rotSpeed="0" restLoad="2.0" repr="wheelBackRight" forcePointRatio="0.5" initialCompression="20" suspTravel="0.27" spring="31" damper="40" />
                    </wheel>
                    <foliageBendingModifier index="1" minX="-1.3" maxX="1.3" />
                    <foliageBendingModifier index="2" minX="-1.3" maxX="1.3" />
                </wheels>
				<objectChange node="defaultFender" visibilityActive="true" />
				<objectChange node="defaultFender1" visibilityActive="true" />
				<objectChange node="defaultFender2" visibilityActive="true" />
            </wheelConfiguration>
            <wheelConfiguration name="$l10n_configuration_valueWheelWeights" price="1200" brand="TRELLEBORG">
                <wheels autoRotateBackSpeed="2.2">
                    <wheel filename="$data/shared/wheels/trelleborg/TM900/600_70R30.xml" isLeft="true" hasTireTracks="true" hasParticles="true" >
                        <physics  rotSpeed="1" restLoad="2.0" repr="wheelFrontLeftAxis" driveNode="wheelFrontLeft"  forcePointRatio="0.5" initialCompression="25" suspTravel="0.19" spring="38" damper="40" />
                        <fender node="wheelLeftFender" rotMax="24" />
                        <steering node="steeringBar" nodeMinTransX="-0.125" nodeMaxTransX="0.125" />
                    </wheel>
                    <wheel filename="$data/shared/wheels/trelleborg/TM900/600_70R30.xml" isLeft="false" hasTireTracks="true" hasParticles="true" >
                        <physics rotSpeed="1" restLoad="2.0" repr="wheelFrontRightAxis" driveNode="wheelFrontRight" forcePointRatio="0.5" initialCompression="25" suspTravel="0.19" spring="38" damper="40" />
                        <fender node="wheelRightFender" rotMin="-24" />
                    </wheel>
                    <wheel filename="$data/shared/wheels/trelleborg/TM900/710_75R42.xml" isLeft="true" configId="weight3" hasTireTracks="true" hasParticles="true" >
                        <physics rotSpeed="0" restLoad="2.6" repr="wheelBackLeft"  forcePointRatio="0.5" initialCompression="20" suspTravel="0.27" spring="31" damper="40" />
                    </wheel>
                    <wheel filename="$data/shared/wheels/trelleborg/TM900/710_75R42.xml" isLeft="false" configId="weight3" hasTireTracks="true" hasParticles="true" >
                        <physics rotSpeed="0" restLoad="2.6" repr="wheelBackRight" forcePointRatio="0.5" initialCompression="20" suspTravel="0.27" spring="31" damper="40" />
                    </wheel>
                    <foliageBendingModifier index="1" minX="-1.3" maxX="1.3" />
                    <foliageBendingModifier index="2" minX="-1.3" maxX="1.3" />
                </wheels>
				<objectChange node="defaultFender" visibilityActive="true" />
				<objectChange node="defaultFender1" visibilityActive="true" />
				<objectChange node="defaultFender2" visibilityActive="true" />
            </wheelConfiguration>
            <wheelConfiguration name="$l10n_configuration_valueWheelBroad" price="2000" brand="TRELLEBORG">
                <wheels autoRotateBackSpeed="2.2" ackermannSteeringIndex="2">
                    <wheel filename="$data/shared/wheels/trelleborg/TM900/600_70R30.xml" isLeft="true" hasTireTracks="true" hasParticles="true" >
                        <physics rotSpeed="1" restLoad="2.0" repr="wheelFrontLeftAxis" driveNode="wheelFrontLeft"  forcePointRatio="0.5" initialCompression="25" suspTravel="0.19" spring="38" damper="40" />
                        <fender node="wheelLeftFender" rotMax="24" />
                        <steering node="steeringBar" nodeMinTransX="-0.125" nodeMaxTransX="0.125" />
                    </wheel>
                    <wheel filename="$data/shared/wheels/trelleborg/TM900/600_70R30.xml" isLeft="false" hasTireTracks="true" hasParticles="true" >
                        <physics rotSpeed="1" restLoad="2.0" repr="wheelFrontRightAxis" driveNode="wheelFrontRight" forcePointRatio="0.5" initialCompression="25" suspTravel="0.19" spring="38" damper="40" />
                        <fender node="wheelRightFender" rotMin="-24" />
                    </wheel>
                    <wheel filename="$data/shared/wheels/trelleborg/TM900/800_70R38.xml" isLeft="true" hasTireTracks="true" hasParticles="true" >
                        <physics rotSpeed="0" restLoad="2.0" repr="wheelBackLeft"  forcePointRatio="0.5" initialCompression="20" suspTravel="0.27" spring="31" damper="40" />
                    </wheel>
                    <wheel filename="$data/shared/wheels/trelleborg/TM900/800_70R38.xml" isLeft="false" hasTireTracks="true" hasParticles="true" >
                        <physics rotSpeed="0" restLoad="2.0" repr="wheelBackRight" forcePointRatio="0.5" initialCompression="20" suspTravel="0.27" spring="31" damper="40" />
                    </wheel>
                    <foliageBendingModifier index="1" minX="-1.35" maxX="1.35" />
                    <foliageBendingModifier index="2" minX="-1.35" maxX="1.35" />
                </wheels>
				<objectChange node="broadFender" visibilityActive="true" />
				<objectChange node="defaultFender1" visibilityActive="true" />
				<objectChange node="defaultFender2" visibilityActive="true" />
            </wheelConfiguration>
            <wheelConfiguration name="$l10n_configuration_valueWheelBroadWeights" price="3000" brand="TRELLEBORG">
                <wheels autoRotateBackSpeed="2.2" ackermannSteeringIndex="2">
                    <wheel filename="$data/shared/wheels/trelleborg/TM1000/600_70R30.xml" isLeft="true" hasTireTracks="true" hasParticles="true" >
                        <physics rotSpeed="1" restLoad="2.0" repr="wheelFrontLeftAxis" driveNode="wheelFrontLeft"  forcePointRatio="0.5" initialCompression="25" suspTravel="0.19" spring="38" damper="40" />
                        <fender node="wheelLeftFender" rotMax="24" />
                        <steering node="steeringBar" nodeMinTransX="-0.125" nodeMaxTransX="0.125" />
                    </wheel>
                    <wheel filename="$data/shared/wheels/trelleborg/TM1000/600_70R30.xml" isLeft="false" hasTireTracks="true" hasParticles="true" >
                        <physics rotSpeed="1" restLoad="2.0" repr="wheelFrontRightAxis" driveNode="wheelFrontRight" forcePointRatio="0.5" initialCompression="25" suspTravel="0.19" spring="38" damper="40" />
                        <fender node="wheelRightFender" rotMin="-24" />
                    </wheel>
                    <wheel filename="$data/shared/wheels/trelleborg/TM1000/900_60R42.xml" configId="weight3" isLeft="true" hasTireTracks="true" hasParticles="true" >
                        <physics rotSpeed="0" restLoad="2.6" repr="wheelBackLeft"  forcePointRatio="0.5" initialCompression="20" suspTravel="0.27" spring="31" damper="40" />
                    </wheel>
                    <wheel filename="$data/shared/wheels/trelleborg/TM1000/900_60R42.xml" configId="weight3" isLeft="false" hasTireTracks="true" hasParticles="true" >
                        <physics rotSpeed="0" restLoad="2.6" repr="wheelBackRight" forcePointRatio="0.5" initialCompression="20" suspTravel="0.27" spring="31" damper="40" />
                    </wheel>
                    <foliageBendingModifier index="1" minX="-1.35" maxX="1.35" />
                    <foliageBendingModifier index="2" minX="-1.35" maxX="1.35" />
                </wheels>
				<objectChange node="broadFender" visibilityActive="true" />
				<objectChange node="broadFender1" visibilityActive="true" />
				<objectChange node="broadFender2" visibilityActive="true" />
            </wheelConfiguration>
            <wheelConfiguration name="$l10n_configuration_valueDefault" price="2200" brand="MICHELIN">
                <wheels autoRotateBackSpeed="2.2">
                    <wheel filename="$data/shared/wheels/michelin/axioBib2/600_70R30.xml" isLeft="true" hasTireTracks="true" hasParticles="true" >
                        <physics rotSpeed="1" restLoad="2.0" repr="wheelFrontLeftAxis"  driveNode="wheelFrontLeft"  forcePointRatio="0.5" initialCompression="25" suspTravel="0.19" spring="38" damper="40" />
                        <fender node="wheelLeftFender" rotMax="24" />
                        <steering node="steeringBar" nodeMinTransX="-0.125" nodeMaxTransX="0.125" />
                    </wheel>
                    <wheel filename="$data/shared/wheels/michelin/axioBib2/600_70R30.xml" isLeft="false" hasTireTracks="true" hasParticles="true" >
                        <physics rotSpeed="1" restLoad="2.0" repr="wheelFrontRightAxis" driveNode="wheelFrontRight" forcePointRatio="0.5" initialCompression="25" suspTravel="0.19" spring="38" damper="40" />
                        <fender node="wheelRightFender" rotMin="-24" />
                    </wheel>
                    <wheel filename="$data/shared/wheels/michelin/axioBib/710_75R42.xml" isLeft="true" hasTireTracks="true" hasParticles="true" >
                        <physics rotSpeed="0" restLoad="2.0" repr="wheelBackLeft"  forcePointRatio="0.5" initialCompression="20" suspTravel="0.27" spring="31" damper="40" />
                    </wheel>
                    <wheel filename="$data/shared/wheels/michelin/axioBib/710_75R42.xml" isLeft="false" hasTireTracks="true" hasParticles="true" >
                        <physics rotSpeed="0" restLoad="2.0" repr="wheelBackRight" forcePointRatio="0.5" initialCompression="20" suspTravel="0.27" spring="31" damper="40" />
                    </wheel>
                    <foliageBendingModifier index="1" minX="-1.3" maxX="1.3" />
                    <foliageBendingModifier index="2" minX="-1.3" maxX="1.3" />
                </wheels>
				<objectChange node="defaultFender" visibilityActive="true" />
				<objectChange node="defaultFender1" visibilityActive="true" />
				<objectChange node="defaultFender2" visibilityActive="true" />
            </wheelConfiguration>
			<wheelConfiguration name="$l10n_configuration_valueWheelBroad" price="2800" brand="MICHELIN">
                <wheels autoRotateBackSpeed="2.2" ackermannSteeringIndex="2">
                    <wheel filename="$data/shared/wheels/michelin/cereXBib2/620_70R30.xml" isLeft="true" hasTireTracks="true" hasParticles="true" >
                        <physics rotSpeed="1" restLoad="2.0" repr="wheelFrontLeftAxis" driveNode="wheelFrontLeft"  forcePointRatio="0.5" initialCompression="25" suspTravel="0.19" spring="38" damper="40" />
                        <fender node="wheelLeftFender" rotMax="24" />
                        <steering node="steeringBar" nodeMinTransX="-0.125" nodeMaxTransX="0.125" />
                    </wheel>
                    <wheel filename="$data/shared/wheels/michelin/cereXBib2/620_70R30.xml" isLeft="false" hasTireTracks="true" hasParticles="true" >
                        <physics rotSpeed="1" restLoad="2.0" repr="wheelFrontRightAxis" driveNode="wheelFrontRight" forcePointRatio="0.5" initialCompression="25" suspTravel="0.19" spring="38" damper="40" />
                        <fender node="wheelRightFender" rotMin="-24" />
                    </wheel>
                    <wheel filename="$data/shared/wheels/michelin/cereXBib2/800_70R42.xml" isLeft="true" hasTireTracks="true" hasParticles="true" >
                        <physics rotSpeed="0" restLoad="2.0" repr="wheelBackLeft"  forcePointRatio="0.5" initialCompression="20" suspTravel="0.27" spring="31" damper="40" />
                    </wheel>
                    <wheel filename="$data/shared/wheels/michelin/cereXBib2/800_70R42.xml" isLeft="false" hasTireTracks="true" hasParticles="true" >
                        <physics rotSpeed="0" restLoad="2.0" repr="wheelBackRight" forcePointRatio="0.5" initialCompression="20" suspTravel="0.27" spring="31" damper="40" />
                    </wheel>
                    <foliageBendingModifier index="1" minX="-1.35" maxX="1.35" />
                    <foliageBendingModifier index="2" minX="-1.35" maxX="1.35" />
                </wheels>
				<objectChange node="broadFender" visibilityActive="true" />
				<objectChange node="broadFender1" visibilityActive="true" />
				<objectChange node="broadFender2" visibilityActive="true" />
            </wheelConfiguration>
			<wheelConfiguration name="$l10n_configuration_valueWheelBroadWeights" price="2800" brand="MICHELIN">
                <wheels autoRotateBackSpeed="2.2" ackermannSteeringIndex="2">
                    <wheel filename="$data/shared/wheels/michelin/cereXBib/620_70R30.xml" isLeft="true" hasTireTracks="true" hasParticles="true" >
                        <physics rotSpeed="1" restLoad="2.0" repr="wheelFrontLeftAxis" driveNode="wheelFrontLeft"  forcePointRatio="0.5" initialCompression="25" suspTravel="0.19" spring="38" damper="40" />
                        <fender node="wheelLeftFender" rotMax="24" />
                        <steering node="steeringBar" nodeMinTransX="-0.125" nodeMaxTransX="0.125" />
                    </wheel>
                    <wheel filename="$data/shared/wheels/michelin/cereXBib/620_70R30.xml" isLeft="false" hasTireTracks="true" hasParticles="true" >
                        <physics rotSpeed="1" restLoad="2.0" repr="wheelFrontRightAxis" driveNode="wheelFrontRight" forcePointRatio="0.5" initialCompression="25" suspTravel="0.19" spring="38" damper="40" />
                        <fender node="wheelRightFender" rotMin="-24" />
                    </wheel>
                    <wheel filename="wheels/cereXBib2/900_60R42.xml" configId="weight3" isLeft="true" hasTireTracks="true" hasParticles="true" >
                        <physics rotSpeed="0" restLoad="2.6" repr="wheelBackLeft"  forcePointRatio="0.5" initialCompression="20" suspTravel="0.27" spring="31" damper="40" />
                    </wheel>
                    <wheel filename="wheels/cereXBib2/900_60R42.xml" configId="weight3" isLeft="false" hasTireTracks="true" hasParticles="true" >
                        <physics rotSpeed="0" restLoad="2.6" repr="wheelBackRight" forcePointRatio="0.5" initialCompression="20" suspTravel="0.27" spring="31" damper="40" />
                    </wheel>
                    <foliageBendingModifier index="1" minX="-1.35" maxX="1.35" />
                    <foliageBendingModifier index="2" minX="-1.35" maxX="1.35" />
                </wheels>
				<objectChange node="broadFender" visibilityActive="true" />
				<objectChange node="broadFender1" visibilityActive="true" />
				<objectChange node="broadFender2" visibilityActive="true" />
            </wheelConfiguration>
			<wheelConfiguration name="$l10n_configuration_valueDefault" price="2200" brand="MITAS">
                <wheels autoRotateBackSpeed="2.2">
                    <wheel filename="$data/shared/wheels/mitas/SFT/600_70R30.xml" isLeft="true" hasTireTracks="true" hasParticles="true" >
                        <physics rotSpeed="1" restLoad="2.0" repr="wheelFrontLeftAxis"  driveNode="wheelFrontLeft"  forcePointRatio="0.5" initialCompression="25" suspTravel="0.19" spring="38" damper="40" />
                        <fender node="wheelLeftFender" rotMax="24" />
                        <steering node="steeringBar" nodeMinTransX="-0.125" nodeMaxTransX="0.125" />
                    </wheel>
                    <wheel filename="$data/shared/wheels/mitas/SFT/600_70R30.xml" isLeft="false" hasTireTracks="true" hasParticles="true" >
                        <physics rotSpeed="1" restLoad="2.0" repr="wheelFrontRightAxis" driveNode="wheelFrontRight" forcePointRatio="0.5" initialCompression="25" suspTravel="0.19" spring="38" damper="40" />
                        <fender node="wheelRightFender" rotMin="-24" />
                    </wheel>
                    <wheel filename="$data/shared/wheels/mitas/SFT/710_75R42.xml" isLeft="true" hasTireTracks="true" hasParticles="true" >
                        <physics rotSpeed="0" restLoad="2.0" repr="wheelBackLeft"  forcePointRatio="0.5" initialCompression="20" suspTravel="0.27" spring="31" damper="40" />
                    </wheel>
                    <wheel filename="$data/shared/wheels/mitas/SFT/710_75R42.xml" isLeft="false" hasTireTracks="true" hasParticles="true" >
                        <physics rotSpeed="0" restLoad="2.0" repr="wheelBackRight" forcePointRatio="0.5" initialCompression="20" suspTravel="0.27" spring="31" damper="40" />
                    </wheel>
                    <foliageBendingModifier index="1" minX="-1.3" maxX="1.3" />
                    <foliageBendingModifier index="2" minX="-1.3" maxX="1.3" />
                </wheels>
				<objectChange node="defaultFender" visibilityActive="true" />
				<objectChange node="defaultFender1" visibilityActive="true" />
				<objectChange node="defaultFender2" visibilityActive="true" />
            </wheelConfiguration>
			<wheelConfiguration name="$l10n_configuration_valueWheelBroad" price="2400" brand="MITAS">
                <wheels autoRotateBackSpeed="2.2" ackermannSteeringIndex="2">
                    <wheel filename="$data/shared/wheels/mitas/SFT/620_75R30.xml" isLeft="true" hasTireTracks="true" hasParticles="true" >
                        <physics rotSpeed="1" restLoad="2.0" repr="wheelFrontLeftAxis" driveNode="wheelFrontLeft"  forcePointRatio="0.5" initialCompression="25" suspTravel="0.19" spring="38" damper="40" />
                        <fender node="wheelLeftFender" rotMax="24" />
                        <steering node="steeringBar" nodeMinTransX="-0.125" nodeMaxTransX="0.125" />
                    </wheel>
                    <wheel filename="$data/shared/wheels/mitas/SFT/620_75R30.xml" isLeft="false" hasTireTracks="true" hasParticles="true" >
                        <physics rotSpeed="1" restLoad="2.0" repr="wheelFrontRightAxis" driveNode="wheelFrontRight" forcePointRatio="0.5" initialCompression="25" suspTravel="0.19" spring="38" damper="40" />
                        <fender node="wheelRightFender" rotMin="-24" />
                    </wheel>
                    <wheel filename="$data/shared/wheels/mitas/SFT/900_60R42.xml" isLeft="true" hasTireTracks="true" hasParticles="true" >
                        <physics rotSpeed="0" restLoad="2.0" repr="wheelBackLeft"  forcePointRatio="0.5" initialCompression="20" suspTravel="0.27" spring="31" damper="40" />
                    </wheel>
                    <wheel filename="$data/shared/wheels/mitas/SFT/900_60R42.xml" isLeft="false" hasTireTracks="true" hasParticles="true" >
                        <physics rotSpeed="0" restLoad="2.0" repr="wheelBackRight" forcePointRatio="0.5" initialCompression="20" suspTravel="0.27" spring="31" damper="40" />
                    </wheel>
                    <foliageBendingModifier index="1" minX="-1.35" maxX="1.35" />
                    <foliageBendingModifier index="2" minX="-1.35" maxX="1.35" />
                </wheels>
				<objectChange node="broadFender" visibilityActive="true" />
				<objectChange node="defaultFender1" visibilityActive="true" />
				<objectChange node="defaultFender2" visibilityActive="true" />
            </wheelConfiguration>
            <wheelConfiguration name="$l10n_configuration_valueWheelCommunal" price="1000" brand="NOKIAN">
                <wheels autoRotateBackSpeed="2.2">
                    <wheel filename="$data/shared/wheels/nokian/TRI2/480_80R34.xml" isLeft="true" hasTireTracks="true" hasParticles="true" >
                        <physics rotSpeed="1" restLoad="1.9" repr="wheelFrontLeftAxis"  driveNode="wheelFrontLeft"  forcePointRatio="0.5" initialCompression="25" suspTravel="0.15" spring="46" damper="40" />
                        <fender node="wheelLeftFender" rotMax="24" />
                        <steering node="steeringBar" nodeMinTransX="-0.125" nodeMaxTransX="0.125" />
                    </wheel>
                    <wheel filename="$data/shared/wheels/nokian/TRI2/480_80R34.xml" isLeft="false" hasTireTracks="true" hasParticles="true">
                        <physics rotSpeed="1" restLoad="1.9" repr="wheelFrontRightAxis" driveNode="wheelFrontRight" forcePointRatio="0.5" initialCompression="25" suspTravel="0.15" spring="46" damper="40" />
                        <fender node="wheelRightFender" rotMin="-24" />
                    </wheel>
                    <wheel filename="$data/shared/wheels/nokian/TRI2/620_80R42.xml" isLeft="true" hasTireTracks="true" hasParticles="true">
                        <physics rotSpeed="0" restLoad="2.0" repr="wheelBackLeft"  forcePointRatio="0.5" initialCompression="20" suspTravel="0.27" spring="30" damper="40" />
                    </wheel>
                    <wheel filename="$data/shared/wheels/nokian/TRI2/620_80R42.xml" isLeft="false" hasTireTracks="true" hasParticles="true">
                        <physics rotSpeed="0" restLoad="2.0" repr="wheelBackRight" forcePointRatio="0.5" initialCompression="20" suspTravel="0.27" spring="30" damper="40" />
                    </wheel>
                    <foliageBendingModifier index="1" minX="-1.3" maxX="1.3" />
                    <foliageBendingModifier index="2" minX="-1.3" maxX="1.3" />
                </wheels>
				<objectChange node="narrowFender" visibilityActive="true" />
				<objectChange node="narrowFender1" visibilityActive="true" />
				<objectChange node="narrowFender2" visibilityActive="true" />
            </wheelConfiguration>
        </wheelConfigurations>

        <ackermannSteeringConfigurations>
            <ackermannSteering rotSpeed="40" rotMax="40" rotCenterWheel1="3" rotCenterWheel2="4" />
            <ackermannSteering rotSpeed="40" rotMax="38" rotCenterWheel1="3" rotCenterWheel2="4" />
            <ackermannSteering rotSpeed="40" rotMax="35" rotCenterWheel1="3" rotCenterWheel2="4" />
        </ackermannSteeringConfigurations>

        <hubs>
		    <color0>FENDT_GREY2</color0>
            <hub linkNode="wheelFrontLeft"  filename="$data/shared/wheels/hubs/hub_n10_2.xml"  isLeft="true"  scale="0.33 0.33 0.33" />
            <hub linkNode="wheelFrontRight" filename="$data/shared/wheels/hubs/hub_n10_2.xml"  isLeft="false" scale="0.33 0.33 0.33" />
			<hub linkNode="wheelBackLeft"   filename="$data/shared/wheels/hubs/hub_n10_14.xml" isLeft="true"  scale="0.33 0.33 0.33" />
            <hub linkNode="wheelBackRight"  filename="$data/shared/wheels/hubs/hub_n10_14.xml" isLeft="false" scale="0.33 0.33 0.33" />
        </hubs>
    </wheels>
	
	<rimColorConfigurations useDefaultColors="true" price="300" defaultColorIndex="0">
		<rimColorConfiguration name="RED"  color="FENDT_RED1"/>
		<rimColorConfiguration name="RED MAT" color="FENDT_RED1" material="27"/>
		<rimColorConfiguration name="GREY"  color="SHARED_GREY1"/>
		<rimColorConfiguration name="GREY MAT"  color="SHARED_GREY1" material="27"/>
		<rimColorConfiguration name="BIEGE"  color="FENDT_BIEGE1"/>
		<rimColorConfiguration name="BLACK MAT" color="FENDT_BLACK1" material="27" />
	</rimColorConfigurations>
	
	<speedRotatingParts>
		<speedRotatingPart node="ptoLeftPartRef"  wheelIndex="1" radius="0.15" />
		<speedRotatingPart node="ptoRightPartRef" wheelIndex="2" radius="0.15" />
    </speedRotatingParts>
	
	<dynamicallyLoadedParts>
        <dynamicallyLoadedPart node="0" linkNode="extinguisher" filename="$data/shared/assets/extinguisher.i3d" />
		<dynamicallyLoadedPart node="0" linkNode="extinguisher1" filename="$data/shared/assets/extinguisher.i3d" />
    </dynamicallyLoadedParts>
	
	<lights>
	    <sharedLight linkNode="yellowRound_02"             filename="$data/shared/assets/reflectors/lizard/yellowRound_02.xml"/>
	    <sharedLight linkNode="hellaWorkingLightSquare_01" lightTypes="0 3" filename="$data/shared/assets/lights/hella/hellaWorkingLightSquare_01_front.xml">
            <rotationNode name="rotationNode1" rotation="10 0 0" />
        </sharedLight>
		<sharedLight linkNode="hellaWorkingLightSquare_01_01" lightTypes="0 3" filename="$data/shared/assets/lights/hella/hellaWorkingLightSquare_01_front.xml">
            <rotationNode name="rotationNode1" rotation="10 0 0" />
        </sharedLight>
		<sharedLight linkNode="hellaWorkingLightSquare_01_02" lightTypes="1" filename="$data/shared/assets/lights/hella/hellaWorkingLightSquare_01_back.xml">
            <rotationNode name="rotationNode1" rotation="-10 0 0" />
        </sharedLight>
		<sharedLight linkNode="hellaWorkingLightSquare_01_03" lightTypes="1" filename="$data/shared/assets/lights/hella/hellaWorkingLightSquare_01_back.xml">
            <rotationNode name="rotationNode1" rotation="-10 0 0" />
        </sharedLight>
		<sharedLight linkNode="hellaWorkingLightSquare_01_04" lightTypes="2" filename="$data/shared/assets/lights/hella/hellaWorkingLightSquare_01_back.xml">
            <rotationNode name="rotationNode1" rotation="-15 0 0" />
        </sharedLight>
		<sharedLight linkNode="hellaWorkingLightSquare_01_05" lightTypes="2" filename="$data/shared/assets/lights/hella/hellaWorkingLightSquare_01_back.xml">
            <rotationNode name="rotationNode1" rotation="-15 0 0" />
        </sharedLight>
		<sharedLight linkNode="hellaWorkingLightSquare_01_06" lightTypes="2" filename="$data/shared/assets/lights/hella/hellaWorkingLightSquare_01_back.xml">
            <rotationNode name="rotationNode1" rotation="-15 0 0" />
        </sharedLight>
		<sharedLight linkNode="hellaWorkingLightSquare_01_07" lightTypes="2" filename="$data/shared/assets/lights/hella/hellaWorkingLightSquare_01_back.xml">
            <rotationNode name="rotationNode1" rotation="-15 0 0" />
        </sharedLight>
		
        <states>
            <state lightTypes="0" />
            <state lightTypes="0 1" />
            <state lightTypes="0 1 2" />
        </states>

        <realLights>
            <low>
                <light node="frontLightLow"       lightTypes="0" excludedLightTypes="2 3" />
                <light node="workLightBackLow"    lightTypes="1"/>
                <light node="workLightFrontLow"   lightTypes="2"/>
                <light node="highBeamLow"         lightTypes="3" />
            </low>
            <high>
                <light node="frontLightHigh"        lightTypes="0" excludedLightTypes="2 3" />
                <light node="workLightBackHigh"    lightTypes="1"/>
                <light node="workLightFrontHigh"   lightTypes="2"/>
                <light node="highBeamHigh"          lightTypes="3"/>
                <light node="backLightsHigh"       lightTypes="0"/>
                <brakeLight node="backLightsHigh" />
                <turnLightLeft node="turnLightLeftFront" />
                <turnLightRight node="turnLightRightFront" />
                <interiorLight node="interiorScreenLight"/>
                <interiorLight node="dashboardLight"/>
            </high>
        </realLights>

        <defaultLights>
            <defaultLight shaderNode="frontLightsIllum"         lightTypes="0 3" />
            <defaultLight shaderNode="frontLightsIntIllum"      lightTypes="0 3" />
            <defaultLight shaderNode="frontLights2Illum"        lightTypes="0 3" />
            <defaultLight shaderNode="frontLights2IntIllum"     lightTypes="0 3" />
            <defaultLight shaderNode="backLightsIllum"          lightTypes="0" />
            <defaultLight shaderNode="backLightIntIllum"        lightTypes="0" />
            <defaultLight shaderNode="workLightFrontIllm"       lightTypes="2" intensity="45" />
			<defaultLight shaderNode="wideStaticLight"          lightTypes="0" intensity="5"/>
        </defaultLights>

        <turnLights>
            <turnLightLeft shaderNode="turnLightLeftBackIllum" />
            <turnLightLeft shaderNode="turnLightLeftBackIntIllum" />
            <turnLightLeft shaderNode="turnLightLeftFrontIllum" />
            <turnLightLeft shaderNode="turnLightLeftFrontIntIllum" />
			<turnLightLeft shaderNode="wideTurnlightLeft" intensity="5"/>
            <turnLightRight shaderNode="turnLightRightBackIllum" />
            <turnLightRight shaderNode="turnLightRightBackIntIllum" />
            <turnLightRight shaderNode="turnLightRightFrontIllum" />
            <turnLightRight shaderNode="turnLightRightFrontIntIllum" />
			<turnLightRight shaderNode="wideTurnlightRight" intensity="5"/>
        </turnLights>

        <brakeLights>
            <brakeLight shaderNode="backLightsIllum" />
            <brakeLight shaderNode="backLightIntIllum" />
        </brakeLights>

        <beaconLights>
            <beaconLight node="beaconLightLeft" filename="$data/shared/assets/beaconLights/lizard/beaconLight02.xml" />
            <beaconLight node="beaconLightRight" filename="$data/shared/assets/beaconLights/lizard/beaconLight02.xml" />
        </beaconLights>

        <sounds>
            <switchLight template="SWITCH_01" linkNode="fendt800_main_component1" />
            <turnLight template="SWITCH_TURNLIGHT" linkNode="fendt800_main_component1" />
        </sounds>

        <dashboards>
            <dashboard displayType="EMITTER" valueType="lightState" node="iconDefaultLightDecal"         baseColor="BLACK" emitColor="YELLOW" intensity="2" lightTypes="0" excludedLightTypes="3" groups="MOTOR_ACTIVE"/>
            <dashboard displayType="EMITTER" valueType="lightState" node="iconDefaultLightButtonDecal"   baseColor="BLACK" emitColor="RED"    intensity="2" lightTypes="0" excludedLightTypes="3" groups="MOTOR_ACTIVE"/>

            <dashboard displayType="EMITTER" valueType="lightState" node="iconWorkLightBackButtonDecal"  baseColor="BLACK" emitColor="RED"    intensity="2" lightTypes="1"                        groups="MOTOR_ACTIVE"/>
            <dashboard displayType="EMITTER" valueType="lightState" node="iconWorkLightFrontButtonDecal" baseColor="BLACK" emitColor="RED"    intensity="2" lightTypes="2"                        groups="MOTOR_ACTIVE"/>
            <dashboard displayType="EMITTER" valueType="lightState" node="iconHighBeamButtonDecal"       baseColor="BLACK" emitColor="RED"    intensity="2" lightTypes="3" excludedLightTypes="0" groups="MOTOR_ACTIVE"/>
			<dashboard displayType="EMITTER" valueType="lightState" node="JoystickDec_emit" lightTypes="0"  intensity="0.3" groups="MOTOR_ACTIVE" />
			<dashboard displayType="EMITTER" valueType="lightState" node="armrestDecals_emit" lightTypes="0"  intensity="0.3" groups="MOTOR_ACTIVE" />
			<dashboard displayType="EMITTER" valueType="lightState" node="Decals_emit" lightTypes="0"  intensity="0.3" groups="MOTOR_ACTIVE" />
			<dashboard displayType="EMITTER" valueType="lightState" node="Decals_emit1" lightTypes="0"  intensity="0.3" groups="MOTOR_ACTIVE" />

            <dashboard displayType="emitter" valueType="turnLightLeft"   node="iconTurnLeftDecal"            baseColor="BLACK" emitColor="GREEN" groups="MOTOR_ACTIVE"/>
            <dashboard displayType="emitter" valueType="turnLightRight"  node="iconTurnRightDecal"           baseColor="BLACK" emitColor="GREEN" groups="MOTOR_ACTIVE"/>
            <dashboard displayType="emitter" valueType="turnLightHazard" node="iconHazardDecal"              baseColor="BLACK" emitColor="ORANGE" intensity="4" groups="MOTOR_ACTIVE"/>
            <dashboard displayType="emitter" valueType="turnLightHazard" node="iconHazardButtonDecal"        baseColor="BLACK" emitColor="RED"    intensity="2" groups="MOTOR_ACTIVE"/>

            <dashboard displayType="emitter" valueType="turnLightAny"   node="iconTurnTrailer1Decal"          baseColor="BLACK" emitColor="GREEN" groups="MOTOR_ACTIVE FRONT_ATTACHMENT"/>
            <dashboard displayType="emitter" valueType="turnLightLeft"  node="iconTurnTrailer1LeftDecal"      baseColor="BLACK" emitColor="GREEN" groups="MOTOR_ACTIVE FRONT_ATTACHMENT"/>
            <dashboard displayType="emitter" valueType="turnLightRight" node="iconTurnTrailer1RightDecal"     baseColor="BLACK" emitColor="GREEN" groups="MOTOR_ACTIVE FRONT_ATTACHMENT"/>

            <dashboard displayType="emitter" valueType="turnLightAny"   node="iconTurnTrailer2Decal"          baseColor="BLACK" emitColor="GREEN" groups="MOTOR_ACTIVE BACK_ATTACHMENT"/>
            <dashboard displayType="emitter" valueType="turnLightLeft"  node="iconTurnTrailer2LeftDecal"      baseColor="BLACK" emitColor="GREEN" groups="MOTOR_ACTIVE BACK_ATTACHMENT"/>
            <dashboard displayType="emitter" valueType="turnLightRight" node="iconTurnTrailer2RightDecal"     baseColor="BLACK" emitColor="GREEN" groups="MOTOR_ACTIVE BACK_ATTACHMENT"/>

            <dashboard displayType="emitter" valueType="beaconLight" node="iconBeaconLightButtonDecal"        baseColor="BLACK" emitColor="RED"   groups="MOTOR_ACTIVE"/>
			
        </dashboards>
    </lights>
	
	<attacherJoints comboDuration="2">
        <attacherJoint node="attacherJointBack" upperRotationOffset="0.82" moveTime="2.5" comboTime="1">
            <distanceToGround lower="0.40" upper="1.4" />
            <rotationNode node="attacherJointBackRot" lowerRotation="-19 0 0" upperRotation="35 0 0" />
            <rotationNode2 node="attacherJointBackRot2" />
            <bottomArm rotationNode="attacherJointBackArmBottom" translationNode="attacherJointBackArmLowerLink" referenceNode="referencePointBackBottom" zScale="-1" startRotation="-17 0 0" />
            <topArm baseNode="attacherJointBackArmTop" filename="$data/shared/assets/upperLinks/walterscheid04.i3d" zScale="-1" color="FENDT_GREY1" />
            <schema position="1 0" rotation="0" invertX="false" />
            <objectChange node="attacherJointTransNode" visibilityActive="false" visibilityInactive="true" />
            <objectChange node="trailerAttacherJointLowTransNode" visibilityActive="false"  visibilityInactive="true" />
        </attacherJoint>
        <attacherJoint node="attacherJointFront" upperRotationOffset="-0.7" moveTime="2.5" comboTime="0">
            <distanceToGround lower="0.35" upper="1.06" />
            <rotationNode node="attacherJointFrontRot" lowerRotation="21 0 0" upperRotation="-26 0 0" />
            <rotationNode2 node="attacherJointFrontRot2" />
            <bottomArm rotationNode="attacherJointFrontArmBottom" translationNode="attacherJointFrontArmLowerLink" referenceNode="referencePointFrontBottom" zScale="1" startRotation="-0.471 0 0"/>
            <topArm baseNode="attacherJointFrontArmTop" filename="$data/shared/assets/upperLinks/walterscheid01.i3d" zScale="1" color="FENDT_GREY1"/>
            <schema position="1 0" rotation="0" invertX="true" />
            <objectChange node="lowerLinkFrontLeft" rotationActive="0 9.984 0" rotationInactive="-70 9.984 0"/>
            <objectChange node="lowerLinkFrontRight" rotationActive="0 -9.984 0"  rotationInactive="-70 -9.984 0"/>
			<objectChange node="upperHolder" visibilityActive="false" visibilityInactive="true" />
        </attacherJoint>
        <attacherJoint node="trailerAttacherJointBack" jointType="trailer" lowerRotLimit="10 50 50" upperRotRotationOffset="0" allowsJointLimitMovement="false" comboTime="1">
            <distanceToGround lower="0.53" upper="1.24" />
            <transNode node="attacherJointTransNode" minY="0.46" maxY="1.17" />
            <schema position="1 0" rotation="0" invertX="false" />
            <objectChange node="trailerAttacherJointLowTransNode" visibilityActive="false"  visibilityInactive="true" />
        </attacherJoint>
        <attacherJoint node="trailerAttacherJointBackLow" jointType="trailerLow" lowerRotLimit="10 50 50" upperRotRotationOffset="0" allowsJointLimitMovement="false" comboTime="1">
            <distanceToGround lower="0.58" upper="0.85" />
            <transNode node="trailerAttacherJointLowTransNode" minY="0.51" maxY="0.78" />
            <schema position="1 0" rotation="0" invertX="false" />
            <objectChange node="attacherJointBackArmBottom" rotationActive="35 0 0"  rotationInactive="-17 0 0" />
            <objectChange node="attacherJointTransNode" visibilityActive="false"  visibilityInactive="true" />
			<objectChange node="attacherJointBackArmTop" visibilityActive="false"  visibilityInactive="true" />
            <steeringBars leftNode="trailerAttacherSteeringBarLeftRef" rightNode="trailerAttacherSteeringBarRightRef" />
        </attacherJoint>
        <attacherJoint node="trailerAttacherJointFront" jointType="trailer" lowerRotLimit="10 50 50" upperRotRotationOffset="0" allowsJointLimitMovement="false" comboTime="0">
            <schema position="1 0" rotation="0" invertX="true" />
            <objectChange node="lowerLinkFrontLeft" visibilityActive="false" visibilityInactive="true" />
            <objectChange node="lowerLinkFrontRight" visibilityActive="false" visibilityInactive="true" />
        </attacherJoint>

        <sounds>
            <attach template="ATTACH_01" linkNode="fendt800_main_component1" />
            <hydraulic template="DEFAULT_HYDRAULIC_SOUND" linkNode="fendt800_main_component1" />
        </sounds>
    </attacherJoints>
	
	<powerTakeOffs>
        <output attacherJointIndices="1 3 4" outputNode="ptoOutputBack" />
        <output attacherJointIndices="2 5" outputNode="ptoOutputFront" />
    </powerTakeOffs>
	
	<connectionHoses>
        <target attacherJointIndices="1 3 4" type="airDoubleRed" node="airDoubleStorage" socket="air_red"/>
        <target attacherJointIndices="1 3 4" type="airDoubleYellow" node="airDoubleControl" socket="air_yellow"/>
        <target attacherJointIndices="1 3 4" type="hydraulicIn" node="hydraulicIn01">
            <objectChange node="hydraulicIn01_cover" rotationActive="0 0 80" rotationInactive="0 0 0"/>
        </target>
        <target attacherJointIndices="1 3 4" type="hydraulicOut" node="hydraulicOut01">
            <objectChange node="hydraulicOut01_cover" rotationActive="0 0 80" rotationInactive="0 0 0"/>
        </target>
        <target attacherJointIndices="1 3 4" type="hydraulicIn" node="hydraulicIn02">
            <objectChange node="hydraulicIn02_cover" rotationActive="0 0 80" rotationInactive="0 0 0"/>
        </target>
        <target attacherJointIndices="1 3 4" type="hydraulicOut" node="hydraulicOut02">
            <objectChange node="hydraulicOut02_cover" rotationActive="0 0 80" rotationInactive="0 0 0"/>
        </target>
        <target attacherJointIndices="1 3 4" type="hydraulicIn" node="hydraulicIn03">
            <objectChange node="hydraulicIn03_cover" rotationActive="0 0 -80" rotationInactive="0 0 0"/>
        </target>
        <target attacherJointIndices="1 3 4" type="hydraulicOut" node="hydraulicOut03">
            <objectChange node="hydraulicOut03_cover" rotationActive="0 0 -80" rotationInactive="0 0 0"/>
        </target>
        <target attacherJointIndices="1 3 4" type="hydraulicIn" node="hydraulicIn04">
            <objectChange node="hydraulicIn04_cover" rotationActive="0 0 -80" rotationInactive="0 0 0"/>
        </target>
        <target attacherJointIndices="1 3 4" type="hydraulicOut" node="hydraulicOut04">
            <objectChange node="hydraulicOut04_cover" rotationActive="0 0 -80" rotationInactive="0 0 0"/>
        </target>
        <target attacherJointIndices="2 5" type="hydraulicIn" node="hydraulicIn05">
        </target>
        <target attacherJointIndices="2 5" type="hydraulicOut" node="hydraulicOut05">
        </target>
        <target attacherJointIndices="2 5" type="hydraulicIn" node="hydraulicIn06">
        </target>
        <target attacherJointIndices="2 5" type="hydraulicOut" node="hydraulicOut06">
        </target>

        <target attacherJointIndices="2 5" type="electric" node="electricFront" socket="electric"/>
        <target attacherJointIndices="1 3 4" type="electric" node="electricBack" socket="electric"/>

        <toolConnectorHose mountingNode="rightPipe">
            <startTarget attacherJointIndices="2 5" type="TOOL_CONNECTOR_TOP_RIGHT" node="rightPipe_frontConnector"/>
            <endTarget attacherJointIndices="1 2 4" type="TOOL_CONNECTOR_TOP_RIGHT" node="rightPipe_backConnector" straighteningFactor="3"/>
        </toolConnectorHose>

        <toolConnectorHose mountingNode="bottomPipe01">
            <startTarget attacherJointIndices="2 5" type="TOOL_CONNECTOR_BOTTOM_01" node="bottomPipe01_frontConnector"/>
            <endTarget attacherJointIndices="1 2 4" type="TOOL_CONNECTOR_BOTTOM_01" node="bottomPipe01_backConnector"/>
        </toolConnectorHose>

        <toolConnectorHose mountingNode="bottomPipe02">
            <startTarget attacherJointIndices="2 5" type="TOOL_CONNECTOR_BOTTOM_02" node="bottomPipe02_frontConnector"/>
            <endTarget attacherJointIndices="1 2 4" type="TOOL_CONNECTOR_BOTTOM_02" node="bottomPipe02_backConnector"/>
        </toolConnectorHose>

        <toolConnectorHose mountingNode="bottomPipe03">
            <startTarget attacherJointIndices="2 5" type="TOOL_CONNECTOR_BOTTOM_03" node="bottomPipe03_frontConnector"/>
            <endTarget attacherJointIndices="1 2 4" type="TOOL_CONNECTOR_BOTTOM_03" node="bottomPipe03_backConnector"/>
        </toolConnectorHose>

        <toolConnectorHose mountingNode="bottomPipe04">
            <startTarget attacherJointIndices="2 5" type="TOOL_CONNECTOR_BOTTOM_04" node="bottomPipe04_frontConnector"/>
            <endTarget attacherJointIndices="1 2 4" type="TOOL_CONNECTOR_BOTTOM_04" node="bottomPipe04_backConnector"/>
        </toolConnectorHose>
    </connectionHoses>
	
	<enterable isTabbable="true" >
        <enterReferenceNode node="fendt800_main_component1"/>
        <exitPoint node="exitPoint"/>
		<enterAnimation name="enterAnimation"/>

        <cameras>
            <camera node="outdoorCamera" rotatable="true" rotateNode="outdoorCameraTarget" limit="true" useWorldXZRotation="true" rotMinX="-1.4" rotMaxX="1" transMin="4" transMax="40" translation="0 0 6.5" rotation="-17.5 180 0" >
                <raycastNode node="cameraRaycastNode1"/>
                <raycastNode node="cameraRaycastNode2"/>
            </camera>
            <camera node="indoorCamera2" rotatable="true" limit="true" rotMinX="-1.1" rotMaxX="0.4" transMin="0" transMax="0" useMirror="true" isInside="true" shadowFocusBox="shadowFocusBox" />
        </cameras>

        <characterNode node="playerSkin" cameraMinDistance="1.5" spineRotation="-90 0 90" >
            <target ikChain="rightFoot" targetNode="playerRightFootTarget" />
            <target ikChain="leftFoot"  targetNode="playerLeftFootTarget" />
            <target ikChain="rightArm"  targetNode="playerRightHandTarget" poseId="wideFingers"/>
            <target ikChain="leftArm"   targetNode="playerLeftHandTarget" />
        </characterNode>

        <characterTargetNodeModifier node="playerRightFootTarget" transitionTime="0.1">
            <state node="playerRightFootTargetGas"   referenceNode="gasPedal"    directionReferenceNode="playerRightFootTargetGasRef"/>
            <state node="playerRightFootTargetBrake" referenceNode="brakePedal"  />
        </characterTargetNodeModifier>

        <mirrors>
            <mirror node="mirrorLeftDecal" prio="1" />
            <mirror node="mirrorRightDecal" prio="1" />
            <mirror node="mirrorInterior1Decal" prio="1" />
            <mirror node="mirrorInterior2Decal" prio="2" />
        </mirrors>

        <dashboards>
            <dashboard displayType="NUMBER" valueType="time"          numbers="numbersTime"          precision="2" groups="MOTOR_ACTIVE"/>
            <dashboard displayType="NUMBER" valueType="operatingTime" numbers="numbersOperatingTime" precision="1" groups="MOTOR_ACTIVE"/>
        </dashboards>
    </enterable>
	
	<motorized>
        <consumerConfigurations>
            <consumerConfiguration>
                <consumer fillUnitIndex="1" usage="105" fillType="diesel" />  <!-- usage is per hour at max load and max rpm -->
                <consumer fillUnitIndex="2" usage="3.0" fillType="def" />     <!-- usage is per hour at max load and max rpm -->
                <consumer fillUnitIndex="3" usage="250" fillType="air" permanentConsumption="false" refillLitersPerSecond="350" refillCapacityPercentage="0.5" /> <!-- usage per second at full brake power -->
            </consumerConfiguration>
        </consumerConfigurations>

        <differentialConfigurations>
            <differentialConfiguration>
                <differentials>
                    <differential torqueRatio="0.5" maxSpeedRatio="1.8" wheelIndex1="1" wheelIndex2="2" /> <!-- front left-right -->
                    <differential torqueRatio="0.5" maxSpeedRatio="1.8" wheelIndex1="3" wheelIndex2="4" /> <!-- back left-right -->
                    <differential torqueRatio="0.5" maxSpeedRatio="1.8" differentialIndex1="1" differentialIndex2="2" /> <!-- front-back -->
                </differentials>
            </differentialConfiguration>
        </differentialConfigurations>

		<motorConfigurations>
            <motorConfiguration name="822" hp="226" price="0">
                <motor torqueScale="1.278" minRpm="850" maxRpm="2300" maxForwardSpeed="58" maxBackwardSpeed="33" brakeForce="13.5" lowBrakeForceScale="0.22" ptoMotorRpmRatio="3.5" rotInertia="0.002" >
                    <torque normRpm="0.476" torque="0.86"/><!--RPM 1000-->
					<torque normRpm="0.523" torque="0.90"/><!--RPM 1100-->
					<torque normRpm="0.571" torque="0.92"/><!--RPM 1200-->
					<torque normRpm="0.619" torque="0.94"/><!--RPM 1300-->
					<torque normRpm="0.666" torque="0.97"/><!--RPM 1400-->
					<torque normRpm="0.714" torque="1.00"/><!--RPM 1450-->
                    <torque normRpm="0.738" torque="1.00"/><!--RPM 1500-->
					<torque normRpm="0.761" torque="0.96"/><!--RPM 1600-->
                    <torque normRpm="0.809" torque="0.94"/><!--RPM 1700-->
                    <torque normRpm="0.857" torque="0.91"/><!--RPM 1800-->
                    <torque normRpm="0.904" torque="0.86"/><!--RPM 1900-->
					<torque normRpm="0.952" torque="0.82"/><!--RPM 2000-->
                    <torque normRpm="1.000" torque="0.74"/><!--RPM 2100-->
                </motor>
                <transmission minForwardGearRatio="10.2" maxForwardGearRatio="250" minBackwardGearRatio="32" maxBackwardGearRatio="250" />
				<objectChange node="822_decal" visibilityActive="true"/>
                <objectChange node="824_decal" visibilityActive="false"/>
                <objectChange node="826_decal" visibilityActive="false"/>
				<objectChange node="828_decal" visibilityActive="false"/>
            </motorConfiguration>
            <motorConfiguration name="824" hp="246" price="24500">
                <motor torqueScale="1.515" maxForwardSpeed="60" />
                <objectChange node="822_decal" visibilityActive="false"/>
                <objectChange node="824_decal" visibilityActive="true"/>
                <objectChange node="826_decal" visibilityActive="false"/>
				<objectChange node="828_decal" visibilityActive="false"/>
            </motorConfiguration>
            <motorConfiguration name="826" hp="265" price="28500">
                <motor torqueScale="1.565" maxForwardSpeed="63" />
                <objectChange node="822_decal" visibilityActive="false"/>
                <objectChange node="824_decal" visibilityActive="false"/>
                <objectChange node="826_decal" visibilityActive="true"/>
				<objectChange node="828_decal" visibilityActive="false"/>
            </motorConfiguration>
			<motorConfiguration name="828" hp="287" price="32500">
                <motor torqueScale="1.870" maxForwardSpeed="63" />
                <objectChange node="822_decal" visibilityActive="false"/>
                <objectChange node="824_decal" visibilityActive="false"/>
                <objectChange node="826_decal" visibilityActive="false"/>
				<objectChange node="828_decal" visibilityActive="true"/>
            </motorConfiguration>
        </motorConfigurations>

        <exhaustEffects>
            <exhaustEffect node="exhaustParticleLinkNode" filename="$data/particleSystems/shared/exhaust.i3d" minRpmColor="0.9 0.9 0.9 0.1" maxRpmColor="0.9 0.9 0.9 0.4" minRpmScale="0.05" maxRpmScale="0.5" xzRotationsOffset="100 0" xzRotationsForward="100 0" xzRotationsBackward="-100 0" xzRotationsLeft="-20 -150" xzRotationsRight="-20 150" />
        </exhaustEffects>

        <motorStartDuration>2100</motorStartDuration>

        <dashboards>
            <dashboard displayType="NUMBER" valueType="rpm"   numbers="numbersRpm"   precision="0" groups="MOTOR_ACTIVE"/>
            <dashboard displayType="NUMBER" valueType="speed" numbers="numbersSpeed" precision="1" groups="MOTOR_ACTIVE"/>
            <dashboard displayType="NUMBER" valueType="fuelUsage" numbers="numbersFuelUsage" precision="1" groups="MOTOR_ACTIVE"/>
            <dashboard displayType="ANIMATION" valueType="motorTemperature" animName="loadingBarTemperature" minValueAnim="20" maxValueAnim="120" groups="MOTOR_ACTIVE"/>
            <dashboard displayType="EMITTER"   valueType="motorTemperatureWarning" node="iconTemperatureDecal" baseColor="GREY" emitColor="RED" warningThresholdMin="105" groups="MOTOR_ACTIVE"/>
        </dashboards>

        <sounds externalSoundFile="sounds/fendt_8xx.xml" />
    </motorized>
	
	<drivable>
        <sounds>
            <waterSplash template="WATER_SPLASH_01" linkNode="fendt800_main_component1" />
        </sounds>
        <steeringWheel node="steeringWheel" indoorRotation="540" outdoorRotation="50" />

        <dashboards>
            <dashboard displayType="NUMBER"  valueType="cruiseControl" numbers="numbersSpeedCC" precision="1" groups="MOTOR_ACTIVE"/>
            <dashboard displayType="EMITTER" valueType="cruiseControlActive" node="iconCruiseControlDecal"   baseColor="BLACK"       emitColor="YELLOW" groups="MOTOR_ACTIVE"/>
            <dashboard displayType="EMITTER" valueType="directionForward"    node="iconForwardDecal"         baseColor="LIGHT_GREEN" emitColor="GREEN"  groups="MOTOR_ACTIVE"/>
            <dashboard displayType="EMITTER" valueType="directionBackward"   node="iconBackwardsDecal"       baseColor="LIGHT_GREEN" emitColor="GREEN"  groups="MOTOR_ACTIVE"/>

            <dashboard displayType="ROT"     valueType="accelerationAxis" node="gasPedal"   minRot="0 0 0" maxRot="-20 0 0" doInterpolation="true" groups="MOTOR_ACTIVE"/>
            <dashboard displayType="ROT"     valueType="decelerationAxis" node="brakePedal" minRot="0 0 0" maxRot="-12 0 0" doInterpolation="true" groups="MOTOR_ACTIVE"/>
            <dashboard displayType="ROT"     valueType="steeringAngle"    node="playerLeftHandTarget" minRot="-7.828 -6.872 -72.321" maxRot="-1.151 2.963 -121.823" doInterpolation="true" groups="MOTOR_ACTIVE"/>
			<dashboard displayType="ROT"     valueType="ac_decelerationAxis" node="Joystick_rot"   minRot="-5 0 0" maxRot="12 0 0" doInterpolation="true" groups="MOTOR_ACTIVE"/>
        </dashboards>
    </drivable>
	
	<animations>
        <animation name="wiperFrontAnimation">
            <part node="wiperFront" startTime="0" endTime="1" startRot="0 0 0" endRot="0 0 -275"/>
            <part node="wiperFrontRot" startTime="0" endTime="0.5" startRot="-4.554 0 0" endRot="-1.456 0 0"/>
            <part node="wiperFrontRot" startTime="0.5" endTime="1.0" startRot="-1.456 0 0" endRot="-4.554 0 0"/>
        </animation>
        <animation name="wiperBackAnimation">
            <part node="wiperBack" startTime="0" endTime="1" startRot="0 0 0" endRot="0 0 120"/>
            <part node="wiperBackRot" startTime="0" endTime="0.5" startRot="14.3 0 0" endRot="15.8 0 0"/>
            <part node="wiperBackRot" startTime="0.5" endTime="1" startRot="15.8 0 0" endRot="14.3 4 0"/>
        </animation>
        <animation name="reverseDriving">
            <part node="secondSeat" startTime="0" endTime="0.05" visibility="true" />
            <part node="secondSeat" startTime="0.05" endTime="0.1" visibility="false" />
            <part node="steeringWheelFrame" startTime="0.05" endTime="1" startTrans="0 0 0" endTrans="0 0 -0.35" />
            <part node="seatRot"   startTime="1" endTime="3" startRot="0 0 0" endRot="0 180 0" />
            <part node="steeringWheelFrame" startTime="3" endTime="4" startTrans="0 0 -0.35" endTrans="0 0 0" />
        </animation>
        <animation name="loadingBarTemperature" >
            <part node="loadBarTemperature" startTime="0.0" endTime="1.0" shaderParameter="sliderPos" shaderStartValues="0 0 0 0" shaderEndValues="1.0 0 0 0" />
        </animation>
        <animation name="loadingBarFuel" >
            <part node="loadBarFuel" startTime="0.0" endTime="1.0" shaderParameter="sliderPos" shaderStartValues="0 0 0 0" shaderEndValues="1.0 0 0 0" />
        </animation>
        <animation name="loadingBarCompAir" >
            <part node="loadBarCompAir" startTime="0.0" endTime="1.0" shaderParameter="sliderPos" shaderStartValues="0 0 0 0" shaderEndValues="1.0 0 0 0" />
        </animation>
        <animation name="loadingBarDef" >
            <part node="loadBarDEF" startTime="0.0" endTime="1.0" shaderParameter="sliderPos" shaderStartValues="0 0 0 0" shaderEndValues="1.0 0 0 0" />
        </animation>
		<animation name="enterAnimation">
            <part node="steeringBase" startTime="0" duration="1" startRot="-5 0 0" endRot="-41 0 0"/>
        </animation>
		<!-- doors -->
		<animation name="doorLeftMovement">
            <part node="windowLeft" startTime="0" endTime="2" startRot="0 0 0" endRot="0 60 0" />
        </animation>
		<animation name="doorBackMovement">
		    <part node="handleBack" startTime="0" endTime="2" startRot="0 0 0" endRot="0 0 90" />
			<part node="windowBack" startTime="0" endTime="4" startRot="0 0 0" endRot="70 0 0" />
        </animation>
		<animation name="doorUpMovement">
			<part node="windowTop" startTime="0" endTime="2" startRot="0 0 0" endRot="13 0 0" />
        </animation>
    </animations>
	
	<cylindered>
        <movingTools>
            <movingTool node="attacherJointBackArmBottom">
                <dependentPart node="attacherJointBackMainArm" />
            </movingTool>
            <movingTool node="attacherJointFrontArmBottom">
                <dependentPart node="hydraulicFront" />
            </movingTool>
			<movingTool node="windowLeft">
                <controls axis="AXIS_FRONTLOADER_ARM" invertAxis="true" mouseSpeedFactor="0.8" iconName="TOP_DOOR_ROTATE" />
                <animation animSpeed="0.8" animAcceleration="200" animName="doorLeftMovement" />
            </movingTool>
			<movingTool node="windowTop">
                <controls axis="AXIS_FRONTLOADER_TOOL2" invertAxis="true" mouseSpeedFactor="0.8" iconName="TOP_DOOR_ROTATE" />
                <animation animSpeed="0.8" animAcceleration="200" animName="doorUpMovement" />
				<dependentPart node="cylinderLeftRoof"/>
				<dependentPart node="cylinderRightRoof"/>
            </movingTool>
			<movingTool node="windowBack">
                <controls axis="AXIS_FRONTLOADER_TOOL" invertAxis="true" mouseSpeedFactor="0.8" iconName="TOP_DOOR_ROTATE" />
                <animation animSpeed="0.8" animAcceleration="200" animName="doorBackMovement" />
				<dependentPart node="cylinderLeft"/>
				<dependentPart node="cylinderRight"/>
            </movingTool>
        </movingTools>

        <movingParts>
            <movingPart node="hydraulicFront" referencePoint="hydraulicFrontRef" referenceFrame="hydraulicFrontRef" >
                <translatingPart node="hydraulicFrontPunch" />
                <dependentPart node="hydraulicFrontRubber" />
            </movingPart>
            <movingPart node="hydraulicFrontRubber" referencePoint="hydraulicFrontRubberRef" referenceFrame="hydraulicFrontRubberRef" scaleZ="true" />
            <movingPart node="attacherJointBackMainArm" referencePoint="attacherJointBackMainArmRef" localReferencePoint="attacherJointBackMainArmPart" referenceFrame="attacherJointBackRot" >
                <dependentPart node="attacherJointBackMainArmPart" />
            </movingPart>
            <movingPart node="attacherJointBackMainArmPart" referencePoint="attacherJointBackMainArmRef" referenceFrame="attacherJointBackMainArmRef" >
                <dependentPart node="hydraulicMainArm" />
                <dependentPart node="hydraulicBackArmLeft" />
                <dependentPart node="hydraulicBackArmRight" />
            </movingPart>
            <movingPart node="hydraulicMainArm" referencePoint="hydraulicBackMainArmRef" referenceFrame="hydraulicBackMainArmRef" >
                <translatingPart node="hydraulicMainArmPunch" />
            </movingPart>
            <movingPart node="hydraulicBackArmLeft" referencePoint="hydraulicBackArmLeftRef" referenceFrame="hydraulicBackArmLeftRef" />
            <movingPart node="hydraulicBackArmRight" referencePoint="hydraulicBackArmRightRef" referenceFrame="hydraulicBackArmRightRef" />
            <movingPart node="steeringBarLeft" referencePoint="steeringBarLeftRef" referenceFrame="steeringBarLeftRef" isActiveDirty="true" />
            <movingPart node="steeringBarRight" referencePoint="steeringBarRightRef" referenceFrame="steeringBarRightRef" isActiveDirty="true" />
			<movingPart node="cylinderLeft" referencePoint="leftPunch_ref" referenceFrame="leftPunch_ref">
                <translatingPart node="punchLeft"/>
            </movingPart>
            <movingPart node="cylinderRight" referencePoint="rightPunch_ref" referenceFrame="rightPunch_ref">
                <translatingPart node="punchRight"/>
            </movingPart>
			<movingPart node="cylinderLeftRoof" referencePoint="leftPunchRoof_ref" referenceFrame="leftPunchRoof_ref">
                <translatingPart node="punchLeftRoof"/>
            </movingPart>
            <movingPart node="cylinderRightRoof" referencePoint="rightPunchRoof_ref" referenceFrame="rightPunchRoof_ref">
                <translatingPart node="punchRightRoof"/>
            </movingPart>
        </movingParts>

        <sounds>
            <hydraulic template="DEFAULT_HYDRAULIC_SOUND" linkNode="fendt800_main_component1" />
        </sounds>
    </cylindered>
	
	<wipers>
        <wiper animName="wiperFrontAnimation" >
            <state animSpeed="0.75" animPause="2.0" />
            <state animSpeed="0.75" animPause="0.0" />
            <state animSpeed="1.10" animPause="0.0" />
        </wiper>
        <wiper animName="wiperBackAnimation" >
            <state animSpeed="1.0" animPause="2.0" />
        </wiper>
    </wipers>
	
	<suspensions>
        <!-- <suspension node="cabinRot"          weight="400" minRotation="-3 0 -5" maxRotation="3 0 5" suspensionParametersX="200 17" suspensionParametersZ="200 17" /> -->
        <suspension node="seatSuspension"    weight="150" minTranslation="-0.03 -0.1 0.0" maxTranslation="0.03 0.09 0.0" suspensionParametersX="20 4" suspensionParametersY="5 1" suspensionParametersZ="20 4" />
        <suspension useCharacterTorso="true" weight="90" minRotation="0 -5 -5" maxRotation="0 5 5" suspensionParametersY="7 1" suspensionParametersZ="7 1" />
    </suspensions>
	
	<fillUnit>
        <fillUnitConfigurations>
            <fillUnitConfiguration>
                <fillUnits>
                    <fillUnit unit="$l10n_unit_literShort" showOnHud="false" showInShop="false" fillTypes="diesel" capacity="600" >
                        <dashboard displayType="ANIMATION" valueType="fillLevel" animName="loadingBarFuel" groups="MOTOR_ACTIVE"/>
                        <dashboard displayType="EMITTER"   valueType="fillLevelWarning" node="iconFuelDecal" baseColor="GREY" emitColor="RED" intensity="1" warningThresholdMax="20" groups="MOTOR_ACTIVE"/>
                    </fillUnit>
                    <fillUnit unit="$l10n_unit_literShort" showOnHud="false" showInShop="false" fillTypes="def" capacity="60" >
                        <dashboard displayType="ANIMATION" valueType="fillLevel" animName="loadingBarDef" groups="MOTOR_ACTIVE"/>
                        <dashboard displayType="EMITTER"   valueType="fillLevelWarning" node="iconDefDecal" baseColor="GREY" emitColor="RED" intensity="1" warningThresholdMax="4" groups="MOTOR_ACTIVE"/>
                    </fillUnit>
                    <fillUnit unit="$l10n_unit_literShort" showOnHud="false" showInShop="false" fillTypes="air" capacity="4000" >
                        <dashboard displayType="ANIMATION" valueType="fillLevel" animName="loadingBarCompAir" groups="MOTOR_ACTIVE"/>
                        <dashboard displayType="EMITTER"   valueType="fillLevelWarning" node="iconAirDecal" baseColor="GREY" emitColor="RED" intensity="1" warningThresholdMax="200" groups="MOTOR_ACTIVE"/>
                    </fillUnit>
                </fillUnits>
            </fillUnitConfiguration>
        </fillUnitConfigurations>
    </fillUnit>
	
	<honk>
        <sound template="HONK_TRUCK" linkNode="fendt800_main_component1" />
    </honk>
	
	<dashboard>
        <groups>
            <group name="MOTOR_STARTING" isMotorStarting="true"/>
            <group name="MOTOR_ACTIVE"   isMotorStarting="true" isMotorRunning="true"/>
            <group name="FRONT_ATTACHMENT" attacherJointIndices="2 5"/>
            <group name="BACK_ATTACHMENT"  attacherJointIndices="1 3 4"/>
        </groups>

        <default>
            <dashboard displayType="EMITTER" node="variousIcons"   baseColor="GREY" emitColor="RED" groups="MOTOR_STARTING" />
            <dashboard displayType="VISIBILITY" node="dashboardEmitDecal"  groups="MOTOR_ACTIVE" />
			<dashboard displayType="VISIBILITY" node="interiorScreen"  groups="MOTOR_ACTIVE" />
			<dashboard displayType="VISIBILITY" node="dashboardDisplay"  groups="MOTOR_ACTIVE" />
        </default>
    </dashboard>
	
	<reverseDriving animationName="reverseDriving">
        <target ikChain="rightFoot" targetNode="playerRightFootTarget" />
        <target ikChain="leftFoot"  targetNode="playerLeftFootTarget" />
        <target ikChain="rightArm"  targetNode="playerRightHandTarget" />
        <target ikChain="leftArm"   targetNode="playerLeftHandTarget" />
    </reverseDriving>

    <ai>
        <collisionTrigger node="aiCollisionTrigger" />
    </ai>
	
	<foliageBending>
        <bendingNode minX="-1.35" maxX="1.35" minZ="-0.5" maxZ="2.35" yOffset="0.6" />
        <bendingNode minX="-1.45" maxX="1.45" minZ="-2.5" maxZ="-0.5" yOffset="0.6" />
    </foliageBending>

	<baseMaterial>
        <material name="fendt800S4_mat" baseNode="fendt800_vis">
            <shaderParameter name="colorMat0" value="FENDT_NEWGREEN1"/>
			<shaderParameter name="colorMat1" value="FENDT_GREY1"/>
			<shaderParameter name="colorMat2" value="FENDT_YELLOW1"/>
			<shaderParameter name="colorMat3" value="FENDT_WHITE1"/>
			<shaderParameter name="colorMat4" value="0.9157 0.9157 0.9157 2"/>
			<shaderParameter name="colorMat5" value="FENDT_BLUE1"/>
        </material>
		<material name="fendt700_mat" baseNode="parts_vis">
            <shaderParameter name="colorMat0" value="FENDT_GREY1"/>
        </material>
		<material name="Body800_mat" baseNode="Body">
            <shaderParameter name="colorMat0" value="FENDT_GREY1"/>
			<shaderParameter name="colorMat1" value="FENDT_BLACK1"/>
        </material>
		<material name="Body2_mat" baseNode="800_body">
            <shaderParameter name="colorMat0" value="FENDT_BLACK1"/>
			<shaderParameter name="colorMat2" value="FENDT_BLUE1"/>
        </material>
        <material name="fendt800_mat" baseNode="frontAxis">
            <shaderParameter name="colorMat0" value="FENDT_GREY1"/>
        </material>
		<material name="grill800S4_mat" baseNode="grill_Power">
            <shaderParameter name="colorMat0" value="FENDT_BLACK1"/>
        </material>
    </baseMaterial>
	
	<baseMaterialConfigurations price="2000" useDefaultColors="true" defaultColorIndex="0">
	   <baseMaterialConfiguration name="$l10n_colorGreen" color="FENDT_NEWGREEN1"/>
	   <baseMaterialConfiguration name="$l10n_colorGreen1" color="FENDT_BRIGHTGREEN" price="1000"/>
	   <baseMaterialConfiguration name="$l10n_colorBlue" color="FENDT_BLUE1" price="2000"/>
	   <baseMaterialConfiguration name="$l10n_colorBlueM" color="FENDT_BLUE1" material="27" price="2000"/>
	   <baseMaterialConfiguration name="$l10n_colorGrey" color="SHARED_GREY1" price="1000"/>
	   <baseMaterialConfiguration name="$l10n_colorBlack" color="FENDT_BLACK1" price="1000"/>
	   <baseMaterialConfiguration name="$l10n_colorBlackM" color="FENDT_BLACK1" material="27" price="2000"/>
	   <baseMaterialConfiguration name="$l10n_colorOrange" color="FENDT_ORANGE1" material="0" price="1500"/>
	   <baseMaterialConfiguration name="$l10n_colorOrangeM" color="FENDT_ORANGE1" material="27" price="2500"/>
	   <baseMaterialConfiguration name="$l10n_colorRedM" color="FENDT_RED1" material="27" price="2500"/>
	   <baseMaterialConfiguration name="$l10n_colorGold" color="VALTRA_GOLD1" material="35" price="2500"/>
	   <baseMaterialConfiguration name="$l10n_colorGreenM" color="FENDT_OLDGREEN1" material="27" price="3500"/>
	   <baseMaterialConfiguration name="$l10n_colorGreenD" color="FENDT_DARKGREEN1" price="1500"/>
       <material name="fendt800S4_mat" shaderParameter="colorMat0" />
    </baseMaterialConfigurations>
	
	<designMaterialConfigurations>
        <designMaterialConfiguration name="$l10n_configurationPower" color="SHARED_BLACK1" material="0"/>
		<designMaterialConfiguration name="$l10n_configurationDesign" color="SHARED_WHITE2" material="30" price="3000"/>
		<material name="fendt800S4_mat" shaderParameter="colorMat4" />
    </designMaterialConfigurations>
	
	<designConfigurations>
		<designConfiguration name="$l10n_configuration_Normal" price="100"/>
        <designConfiguration name="$l10n_configuration_DesignLine" price="500">
            <objectChange node="pipeChrome" visibilityActive="true" visibilityInactive="false"/>
			<objectChange node="grill_Design" visibilityActive="true" visibilityInactive="false"/>
			<objectChange node="ProfiTerminal" visibilityActive="true" visibilityInactive="false"/>
			<objectChange node="ProfiPlus" visibilityActive="true" visibilityInactive="false"/>
			<objectChange node="Power" visibilityActive="false" visibilityInactive="true"/>
			<objectChange node="pipeStandard" visibilityActive="false" visibilityInactive="true"/>
			<objectChange node="grill_Power" visibilityActive="false" visibilityInactive="true"/>
			<objectChange node="PowerTerminal" visibilityActive="false" visibilityInactive="true"/>
			<objectChange node="dashboards" visibilityActive="true" visibilityInactive="false"/>
			<objectChange node="decalsMain_Black" visibilityActive="true" visibilityInactive="false"/>
			<objectChange node="decalsMain" visibilityActive="false" visibilityInactive="true"/>
        </designConfiguration>
   	</designConfigurations>
	
	<vehicleTypeConfigurations>
        <vehicleTypeConfiguration name="$l10n_configuration_valueDefault" price="0" vehicleType="tractor">
        </vehicleTypeConfiguration>
        <vehicleTypeConfiguration name="$l10n_configuration_valueColor" price="350" vehicleType="tractor">
            <objectChange node="BLUNK" visibilityActive="true" />
        </vehicleTypeConfiguration>
		<vehicleTypeConfiguration name="$l10n_configuration_valueWarn" price="600" vehicleType="tractor">
            <objectChange node="configurationsCab" visibilityActive="true" />
        </vehicleTypeConfiguration>
		<vehicleTypeConfiguration name="$l10n_configuration_valueCombo" price="800" vehicleType="tractor">
            <objectChange node="configurationsCab" visibilityActive="true" />
			<objectChange node="BLUNK" visibilityActive="true" />
        </vehicleTypeConfiguration>
    </vehicleTypeConfigurations>
	
	<wearable wearDuration="480" workMultiplier="5" fieldMultiplier="2"/>
    <washable dirtDuration="90" washDuration="1" workMultiplier="3" fieldMultiplier="2"/>
	
	<i3dMappings>
        <i3dMapping id="fendt800_main_component1" node="0>" />
        <i3dMapping id="fendt800_vis" node="0>0" />
		<i3dMapping id="800_body" node="0>0|11|1" />
		<i3dMapping id="Body" node="0>0|11|1|0" />
		<i3dMapping id="parts_vis" node="0>0|11|1|1" />
		<i3dMapping id="grill_Power" node="0>0|10|5" />
		<i3dMapping id="grill_Design" node="0>0|10|7" />
		<i3dMapping id="pipeStandard" node="0>0|10|4" />
		<i3dMapping id="pipeChrome" node="0>0|10|6" />
		<i3dMapping id="decalsMain" node="0>0|11|4" />
		<i3dMapping id="decalsMain_Black" node="0>0|10|9" />
		<i3dMapping id="BLUNK" node="0>0|10|8" />
		<i3dMapping id="frontAxis" node="1>2|0" />
        <i3dMapping id="wheelBackLeft" node="0>0|0|0" />
        <i3dMapping id="wheelBackRight" node="0>0|0|1" />
		<i3dMapping id="frontAxisJoint" node="0>0|0|2" />
		<i3dMapping id="wheelFrontLeftAxis" node="1>0|0|0" />
        <i3dMapping id="wheelFrontLeft" node="1>0|0|0|0|0" />
        <i3dMapping id="wheelLeftFender" node="1>0|0|0|1" />
        <i3dMapping id="steeringBarLeft" node="1>0|0|0|2" />
        <i3dMapping id="wheelFrontRightAxis" node="1>0|1|0" />
        <i3dMapping id="wheelFrontRight" node="1>0|1|0|0|0" />
        <i3dMapping id="wheelRightFender" node="1>0|1|0|1" />
        <i3dMapping id="steeringBarRight" node="1>0|1|0|2" />
        <i3dMapping id="steeringBar" node="1>1|0" />
        <i3dMapping id="steeringBarLeftRef" node="1>1|0|0" />
        <i3dMapping id="steeringBarRightRef" node="1>1|0|1" />
        <i3dMapping id="outdoorCameraTarget" node="0>0|1|0" />
        <i3dMapping id="outdoorCamera" node="0>0|1|0|0" />
        <i3dMapping id="cameraRaycastNode1" node="0>0|1|1" />
        <i3dMapping id="cameraRaycastNode2" node="0>0|1|2" />
        <i3dMapping id="shadowFocusBox" node="0>0|1|3" />
        <i3dMapping id="frontLightsIllum" node="0>0|2|0|0" />
        <i3dMapping id="frontLightsIntIllum" node="0>0|2|0|1" />
        <i3dMapping id="frontLightLow" node="0>0|2|1|0" />
        <i3dMapping id="highBeamLow" node="0>0|2|1|1" />
        <i3dMapping id="frontLightHigh" node="0>0|2|1|2" />
        <i3dMapping id="frontLightHigh1" node="0>0|2|1|2|0" />
        <i3dMapping id="highBeamHigh" node="0>0|2|1|3" />
        <i3dMapping id="exitPoint" node="0>0|3" />
        <i3dMapping id="attacherJointBackRot" node="0>0|4|0|0" />
        <i3dMapping id="attacherJointBackRot2" node="0>0|4|0|0|0" />
        <i3dMapping id="attacherJointBack" node="0>0|4|0|0|0|0" />
        <i3dMapping id="attacherJointBackArmBottom" node="0>0|4|0|1" />
        <i3dMapping id="attacherJointBackArmLowerLink" node="0>0|4|0|1|0" />
        <i3dMapping id="referencePointBackBottom" node="0>0|4|0|1|0|0" />
        <i3dMapping id="attacherJointBackMainArmRef" node="0>0|4|0|1|0|1" />
        <i3dMapping id="hydraulicBackArmLeftRef" node="0>0|4|0|1|0|2" />
        <i3dMapping id="hydraulicBackArmRightRef" node="0>0|4|0|1|0|3" />
        <i3dMapping id="attacherJointBackArmTop" node="0>0|4|0|2" />
        <i3dMapping id="attacherJointFrontRot" node="0>0|4|0|3" />
        <i3dMapping id="attacherJointFrontRot2" node="0>0|4|0|3|0" />
        <i3dMapping id="attacherJointFront" node="0>0|4|0|3|0|0" />
        <i3dMapping id="attacherJointFrontArmBottom" node="0>0|4|0|4" />
        <i3dMapping id="attacherJointFrontArmLowerLink" node="0>0|4|0|4|0" />
        <i3dMapping id="referencePointFrontBottom" node="0>0|4|0|4|0|0" />
        <i3dMapping id="hydraulicFrontRef" node="0>0|4|0|4|0|1" />
        <i3dMapping id="lowerLinkFrontLeft" node="0>0|4|0|4|0|2" />
        <i3dMapping id="lowerLinkFrontRight" node="0>0|4|0|4|0|3" />
        <i3dMapping id="attacherJointFrontArmTop" node="0>0|4|0|5" />
        <i3dMapping id="attacherJointTransNode" node="0>0|4|1|0" />
        <i3dMapping id="trailerAttacherJointBack" node="0>0|4|1|0|0" />
        <i3dMapping id="trailerAttacherJointLowTransNode" node="0>0|4|1|1" />
        <i3dMapping id="trailerAttacherJointBackLow" node="0>0|4|1|1|0" />
        <i3dMapping id="trailerAttacherSteeringBarLeftRef" node="0>0|4|1|1|0|0" />
        <i3dMapping id="trailerAttacherSteeringBarRightRef" node="0>0|4|1|1|0|1" />
        <i3dMapping id="trailerAttacherJointFront" node="0>0|4|1|2" />
        <i3dMapping id="ptoOutputBack" node="0>0|4|2|0" />
        <i3dMapping id="ptoOutputFront" node="0>0|4|2|1" />
        <i3dMapping id="rightPipe" node="0>0|4|3|0" />
        <i3dMapping id="rightPipe_frontConnector" node="0>0|4|3|0|0" />
        <i3dMapping id="rightPipe_backConnector" node="0>0|4|3|0|1" />
        <i3dMapping id="bottomPipe01" node="0>0|4|3|1" />
        <i3dMapping id="bottomPipe01_frontConnector" node="0>0|4|3|1|0" />
        <i3dMapping id="bottomPipe01_backConnector" node="0>0|4|3|1|1" />
        <i3dMapping id="bottomPipe02" node="0>0|4|3|2" />
        <i3dMapping id="bottomPipe02_frontConnector" node="0>0|4|3|2|0" />
        <i3dMapping id="bottomPipe02_backConnector" node="0>0|4|3|2|1" />
        <i3dMapping id="bottomPipe03" node="0>0|4|3|3" />
        <i3dMapping id="bottomPipe03_frontConnector" node="0>0|4|3|3|0" />
        <i3dMapping id="bottomPipe03_backConnector" node="0>0|4|3|3|1" />
        <i3dMapping id="bottomPipe04" node="0>0|4|3|4" />
        <i3dMapping id="bottomPipe04_frontConnector" node="0>0|4|3|4|0" />
        <i3dMapping id="bottomPipe04_backConnector" node="0>0|4|3|4|1" />
        <i3dMapping id="aiCollisionTrigger" node="0>0|5|0" />
        <i3dMapping id="exhaustParticleLinkNode" node="0>0|6|0" />
        <i3dMapping id="ptoLeftPartRef" node="1>0|0|0|0|0|0" />
        <i3dMapping id="ptoRightPartRef" node="1>0|1|0|0|0|0" />
        <i3dMapping id="hydraulicFront" node="0>0|7|0" />
        <i3dMapping id="hydraulicFrontPunch" node="0>0|7|0|0" />
        <i3dMapping id="hydraulicFrontRubberRef" node="0>0|7|0|0|0" />
        <i3dMapping id="hydraulicFrontRubber" node="0>0|7|0|1" />
        <i3dMapping id="attacherJointBackMainArm" node="0>0|7|1" />
        <i3dMapping id="attacherJointBackMainArmPart" node="0>0|7|1|0" />
        <i3dMapping id="hydraulicBackMainArmRef" node="0>0|7|1|1" />
        <i3dMapping id="hydraulicMainArm" node="0>0|7|2" />
        <i3dMapping id="hydraulicMainArmPunch" node="0>0|7|2|0" />
		<i3dMapping id="hydraulicMainArmRef" node="0>0|4|0|1|0|1" />
        <i3dMapping id="hydraulicBackArmLeft" node="0>0|7|3" />
        <i3dMapping id="hydraulicBackArmRight" node="0>0|7|4" />
        <i3dMapping id="seatRot" node="0>0|11|6|0" />
        <i3dMapping id="seatSuspension" node="0>0|11|6|0|0" />
		<i3dMapping id="indoorCamera2" node="0>0|11|6|0|0|9" />
        <i3dMapping id="playerSkin" node="0>0|11|6|0|0|0|0" />
        <i3dMapping id="playerRightHandTarget" node="0>0|11|6|0|0|10|3" />
        <i3dMapping id="numbersFuelUsage" node="0>0|11|6|0|0|1|0" />
        <i3dMapping id="numbersSpeedCC" node="0>0|11|6|0|0|1|1" />
        <i3dMapping id="armrestDecals_emit" node="0>0|11|6|0|0|5" />
		<i3dMapping id="Decals_emit" node="0>0|11|6|0|0|11|0|3" />
		<i3dMapping id="Decals_emit1" node="0>0|11|6|0|0|11|1|3" />
        <i3dMapping id="interiorScreen" node="0>0|11|6|0|0|11|1|0" />
		<i3dMapping id="dashboardDisplay" node="0>0|11|6|0|0|11|0|0" />
        <i3dMapping id="steeringWheelFrame" node="0>0|11|6|0|1" />
        <i3dMapping id="steeringWheel" node="0>0|11|6|0|1|8|0" />
        <i3dMapping id="playerLeftHandTarget" node="0>0|11|6|0|1|8|0|0" />
        <i3dMapping id="gasPedal" node="0>0|11|6|0|1|1|0|0" />
        <i3dMapping id="playerRightFootTargetGasRef" node="0>0|11|6|0|1|1|0|0|0" />
        <i3dMapping id="playerRightFootTargetGas" node="0>0|11|6|0|1|1|0|1" />
        <i3dMapping id="brakePedal" node="0>0|11|6|0|1|1|1" />
        <i3dMapping id="playerRightFootTargetBrake" node="0>0|11|6|0|1|1|1|0" />
        <i3dMapping id="indoorHuds" node="0>0|11|6|0|1|2" />
        <i3dMapping id="numbersSpeed" node="0>0|11|6|0|1|2|0" />
        <i3dMapping id="numbersRpm" node="0>0|11|6|0|1|2|1" />
        <i3dMapping id="numbersTime" node="0>0|11|6|0|1|2|2" />
        <i3dMapping id="numbersOperatingTime" node="0>0|11|6|0|1|2|3" />
        <i3dMapping id="iconDefaultLightDecal" node="0>0|11|6|0|1|2|5|0|0" />
        <i3dMapping id="iconDefaultLightButtonDecal" node="0>0|11|6|0|1|2|5|0|1" />
        <i3dMapping id="iconWorkLightBackButtonDecal" node="0>0|11|6|0|1|2|5|1|0" />
        <i3dMapping id="iconWorkLightFrontButtonDecal" node="0>0|11|6|0|1|2|5|2|0" />
        <i3dMapping id="iconHighBeamButtonDecal" node="0>0|11|6|0|1|2|5|3|0" />
        <i3dMapping id="iconBeaconLightButtonDecal" node="0>0|11|6|0|1|2|5|4|0" />
        <i3dMapping id="iconTurnLeftDecal" node="0>0|11|6|0|1|2|5|5|0" />
        <i3dMapping id="iconTurnRightDecal" node="0>0|11|6|0|1|2|5|6|0" />
        <i3dMapping id="iconHazardDecal" node="0>0|11|6|0|1|2|5|7|0" />
        <i3dMapping id="iconHazardButtonDecal" node="0>0|11|6|0|1|2|5|7|1" />
        <i3dMapping id="iconForwardDecal" node="0>0|11|6|0|1|2|5|8|0" />
        <i3dMapping id="iconBackwardsDecal" node="0>0|11|6|0|1|2|5|9|0" />
        <i3dMapping id="iconTurnTrailer1Decal" node="0>0|11|6|0|1|2|5|10|0" />
        <i3dMapping id="iconTurnTrailer1LeftDecal" node="0>0|11|6|0|1|2|5|10|1" />
        <i3dMapping id="iconTurnTrailer1RightDecal" node="0>0|11|6|0|1|2|5|10|2" />
        <i3dMapping id="iconTurnTrailer2Decal" node="0>0|11|6|0|1|2|5|11|0" />
        <i3dMapping id="iconTurnTrailer2LeftDecal" node="0>0|11|6|0|1|2|5|11|1" />
        <i3dMapping id="iconTurnTrailer2RightDecal" node="0>0|11|6|0|1|2|5|11|2" />
        <i3dMapping id="iconCruiseControlDecal" node="0>0|11|6|0|1|2|5|12|0" />
        <i3dMapping id="iconFuelDecal" node="0>0|11|6|0|1|2|5|13|0" />
        <i3dMapping id="iconTemperatureDecal" node="0>0|11|6|0|1|2|5|13|1" />
        <i3dMapping id="iconAirDecal" node="0>0|11|6|0|1|2|5|13|2" />
        <i3dMapping id="iconDefDecal" node="0>0|11|6|0|1|2|5|13|3" />
        <i3dMapping id="variousIcons" node="0>0|11|6|0|1|2|5|14" />
        <i3dMapping id="loadBarTemperature" node="0>0|11|6|0|1|2|6|0" />
        <i3dMapping id="loadBarFuel" node="0>0|11|6|0|1|2|6|1" />
        <i3dMapping id="loadBarCompAir" node="0>0|11|6|0|1|2|6|2" />
        <i3dMapping id="loadBarDEF" node="0>0|11|6|0|1|2|6|3" />
        <i3dMapping id="dashboardEmitDecal" node="0>0|11|6|0|1|5" />
        <i3dMapping id="dashboardLight" node="0>0|11|6|0|1|6" />
		<i3dMapping id="interiorScreenLight" node="0>0|11|6|0|0|6" />
        <i3dMapping id="indoorCamera2" node="0>0|11|6|0|0|9" />
        <i3dMapping id="playerLeftFootTarget" node="0>0|11|6|0|2|0" />
        <i3dMapping id="playerRightFootTarget" node="0>0|11|6|0|2|1" />
        <i3dMapping id="mirrorLeftDecal" node="0>0|9|0" />
        <i3dMapping id="mirrorRightDecal" node="0>0|9|1" />
        <i3dMapping id="mirrorInterior1Decal" node="0>0|9|2" />
        <i3dMapping id="mirrorInterior2Decal" node="0>0|9|3" />
        <i3dMapping id="wiperFrontRot" node="0>0|11|6|1|0" />
        <i3dMapping id="wiperFront" node="0>0|11|6|1|0|0" />
        <i3dMapping id="wiperBackRot" node="0>0|11|2|0|0" />
        <i3dMapping id="wiperBack" node="0>0|11|2|0|0|0" />
        <i3dMapping id="secondSeat" node="0>0|11|6|2|0" />
        <i3dMapping id="lightsInterior" node="0>0|11|6|2|2" />
        <i3dMapping id="workLightFrontIllm" node="0>0|11|6|3|0|12" />
		<i3dMapping id="hellaWorkingLightSquare_01" node="0>0|11|6|3|5|0" />
		<i3dMapping id="hellaWorkingLightSquare_01_01" node="0>0|11|6|3|5|1" />
		<i3dMapping id="hellaWorkingLightSquare_01_02" node="0>0|11|6|3|5|2" />
		<i3dMapping id="hellaWorkingLightSquare_01_03" node="0>0|11|6|3|5|3" />
        <i3dMapping id="hellaWorkingLightSquare_01_04" node="0>0|11|6|3|5|4" />
		<i3dMapping id="hellaWorkingLightSquare_01_05" node="0>0|11|6|3|5|5" />
		<i3dMapping id="hellaWorkingLightSquare_01_06" node="0>0|11|6|3|5|6" />
		<i3dMapping id="hellaWorkingLightSquare_01_07" node="0>0|11|6|3|5|7" />
        <i3dMapping id="backLightsIllum" node="0>0|11|6|3|0|0" />
        <i3dMapping id="backLightIntIllum" node="0>0|11|6|3|0|1" />
        <i3dMapping id="turnLightLeftBackIllum" node="0>0|11|6|3|0|2" />
        <i3dMapping id="turnLightRightBackIllum" node="0>0|11|6|3|0|3" />
        <i3dMapping id="turnLightLeftBackIntIllum" node="0>0|11|6|3|0|4" />
        <i3dMapping id="turnLightRightBackIntIllum" node="0>0|11|6|3|0|5" />
        <i3dMapping id="turnLightLeftFrontIllum" node="0>0|11|6|3|0|6" />
        <i3dMapping id="turnLightLeftFrontIntIllum" node="0>0|11|6|3|0|7" />
        <i3dMapping id="turnLightRightFrontIllum" node="0>0|11|6|3|0|8" />
        <i3dMapping id="turnLightRightFrontIntIllum" node="0>0|11|6|3|0|9" />
        <i3dMapping id="frontLights2Illum" node="0>0|11|6|3|0|10" />
        <i3dMapping id="frontLights2IntIllum" node="0>0|11|6|3|0|11" />
        <i3dMapping id="workLightFrontLow" node="0>0|11|6|3|1|0" />
        <i3dMapping id="workLightFrontHigh" node="0>0|11|6|3|1|1" />
        <i3dMapping id="workLightBackLow" node="0>0|11|6|3|1|2" />
        <i3dMapping id="workLightBackHigh" node="0>0|11|6|3|1|3" />
        <i3dMapping id="workLightBackHigh1" node="0>0|11|6|3|1|3|0" />
        <i3dMapping id="turnLightLeftFront" node="0>0|11|6|3|2|0" />
        <i3dMapping id="turnLightLeftBack" node="0>0|11|6|3|2|0|0" />
        <i3dMapping id="turnLightRightFront" node="0>0|11|6|3|2|1" />
        <i3dMapping id="turnLightRightBack" node="0>0|11|6|3|2|1|0" />
        <i3dMapping id="backLightsHigh" node="0>0|11|6|3|3|0" />
        <i3dMapping id="beaconLightLeft" node="0>0|11|1|3|0|0" />
        <i3dMapping id="beaconLightRight" node="0>0|11|1|4|0|0" />
        <i3dMapping id="822_decal" node="0>0|10|0|0" />
        <i3dMapping id="824_decal" node="0>0|10|0|1" />
        <i3dMapping id="826_decal" node="0>0|10|0|2" />
		<i3dMapping id="828_decal" node="0>0|10|0|3" />
        <i3dMapping id="hydraulicIn01" node="0>0|4|3|5" />
        <i3dMapping id="hydraulicIn01_cover" node="0>0|4|3|5|0" />
        <i3dMapping id="hydraulicOut01" node="0>0|4|3|6" />
        <i3dMapping id="hydraulicOut01_cover" node="0>0|4|3|6|0" />
        <i3dMapping id="hydraulicIn02" node="0>0|4|3|7" />
        <i3dMapping id="hydraulicIn02_cover" node="0>0|4|3|7|0" />
        <i3dMapping id="hydraulicOut02" node="0>0|4|3|8" />
        <i3dMapping id="hydraulicOut02_cover" node="0>0|4|3|8|0" />
        <i3dMapping id="hydraulicIn03" node="0>0|4|3|9" />
        <i3dMapping id="hydraulicIn03_cover" node="0>0|4|3|9|0" />
        <i3dMapping id="hydraulicOut03" node="0>0|4|3|10" />
        <i3dMapping id="hydraulicOut03_cover" node="0>0|4|3|10|0" />
        <i3dMapping id="hydraulicIn04" node="0>0|4|3|11" />
        <i3dMapping id="hydraulicIn04_cover" node="0>0|4|3|11|0" />
        <i3dMapping id="hydraulicOut04" node="0>0|4|3|12" />
        <i3dMapping id="hydraulicOut04_cover" node="0>0|4|3|12|0" />
        <i3dMapping id="electricFront" node="0>0|4|3|13" />
        <i3dMapping id="electricBack" node="0>0|4|3|14" />
        <i3dMapping id="hydraulicIn05" node="0>0|4|3|15" />
        <i3dMapping id="hydraulicOut05" node="0>0|4|3|16" />
        <i3dMapping id="hydraulicIn06" node="0>0|4|3|17" />
        <i3dMapping id="hydraulicOut06" node="0>0|4|3|18" />
        <i3dMapping id="airDoubleStorage" node="0>0|4|3|19" />
        <i3dMapping id="airDoubleControl" node="0>0|4|3|20" />
		<i3dMapping id="steeringBase" node="0>0|11|6|0|1|8" />
		<i3dMapping id="ProfiTerminal" node="0>0|11|6|0|0|11|1" />
		<i3dMapping id="PowerTerminal" node="0>0|11|6|0|0|11|0" />
		<i3dMapping id="Joystick_rot" node="0>0|11|6|0|0|10" />
		<i3dMapping id="dashboards" node="0>0|11|6|0|0|1" />
		<i3dMapping id="JoystickDec_emit" node="0>0|11|6|0|0|10|1|0" />
		<i3dMapping id="narrowFender" node="0>0|10|1" />
		<i3dMapping id="narrowFender1" node="1>0|0|0|1|0|0" />
		<i3dMapping id="narrowFender2" node="1>0|1|0|1|0|0" />
		<i3dMapping id="defaultFender" node="0>0|10|2" />
		<i3dMapping id="defaultFender1" node="1>0|0|0|1|0|1" />
		<i3dMapping id="defaultFender2" node="1>0|1|0|1|0|1" />
		<i3dMapping id="broadFender" node="0>0|10|3" />
		<i3dMapping id="broadFender1" node="1>0|0|0|1|0|2" />
		<i3dMapping id="broadFender2" node="1>0|1|0|1|0|2" />
		<i3dMapping id="upperHolder" node="0>0|4|0|6" />
		<i3dMapping id="Power" node="0>0|11|2|1|0|2|0" />
		<i3dMapping id="ProfiPlus" node="0>0|11|2|1|0|2|1" />
		<i3dMapping id="cylinderLeft" node="0>0|11|2|0|4|0" />
		<i3dMapping id="cylinderRight" node="0>0|11|2|0|4|1" />
		<i3dMapping id="punchLeft" node="0>0|11|2|0|4|0|0" />
		<i3dMapping id="punchRight" node="0>0|11|2|0|4|1|0" />
		<i3dMapping id="leftPunch_ref" node="0>0|11|6|4|0" />
		<i3dMapping id="rightPunch_ref" node="0>0|11|6|4|1" />
		<i3dMapping id="leftPunchRoof_ref" node="0>0|11|6|4|2" />
		<i3dMapping id="rightPunchRoof_ref" node="0>0|11|6|4|3" />
		<i3dMapping id="cylinderLeftRoof" node="0>0|11|2|2|2|0" />
		<i3dMapping id="punchLeftRoof" node="0>0|11|2|2|2|0|0" />
		<i3dMapping id="cylinderRightRoof" node="0>0|11|2|2|2|1" />
		<i3dMapping id="punchRightRoof" node="0>0|11|2|2|2|1|0" />
		<i3dMapping id="windowTop" node="0>0|11|2|2" />
		<i3dMapping id="windowLeft" node="0>0|11|2|1|0" />
		<i3dMapping id="windowBack" node="0>0|11|2|0" />
		<i3dMapping id="handleBack" node="0>0|11|2|0|1|0" />
		<i3dMapping id="extinguisher" node="0>0|11|1|5" />
		<i3dMapping id="extinguisher1" node="0>0|11|1|6" />
		<i3dMapping id="yellowRound_02" node="0>0|11|1|7" />
		<i3dMapping id="configurationsCab" node="0>0|11|6|5" />
		<i3dMapping id="wideStaticLight" node="0>0|11|6|5|2" />
        <i3dMapping id="wideTurnlightLeft" node="0>0|11|6|5|3" />
        <i3dMapping id="wideTurnlightRight" node="0>0|11|6|5|4" />
    </i3dMappings>
	
</vehicle>
