<?xml version="1.0" encoding="utf-8" standalone="no" ?>
<GUI name="guidanceSteeringStrategy">
    <GuiElement type="bitmap" profile="settingsBox" size="1280px 620px" position="0px -12px" positionOrigin="bottomLeft" id="container">
        <GuiElement type="boxLayout" profile="guidanceSettingsLayoutLeft" size="413px 500px" id="boxLayout">

            <GuiElement position="30px 0px" type="multiTextOption" profile="guidanceSettingsMultiTextOptionSettings" id="guidanceSteeringStrategyElement"
                        toolTipElementId="settingsHelpBoxText" toolTipText="$l10n_guidanceSteering_tooltip_strategy">
                <GuiElement type="button" profile="multiTextOptionLeft" />
                <GuiElement type="button" profile="multiTextOptionRight" />
                <GuiElement type="text" profile="multiTextOptionText" />
                <GuiElement type="text" profile="multiTextOptionTitle" text="$l10n_guidanceSteering_setting_strategy" />
                <GuiElement type="bitmap" profile="multiTextOptionBg" />
            </GuiElement>

            <GuiElement position="30px 0px" type="multiTextOption" profile="guidanceSettingsMultiTextOptionSettings" id="guidanceSteeringStrategyMethodElement"
                        toolTipElementId="settingsHelpBoxText" onClick="onStrategyChanged" toolTipText="$l10n_guidanceSteering_tooltip_strategyMethod">
                <GuiElement type="button" profile="multiTextOptionLeft" />
                <GuiElement type="button" profile="multiTextOptionRight" />
                <GuiElement type="text" profile="multiTextOptionText" />
                <GuiElement type="text" profile="multiTextOptionTitle" text="$l10n_guidanceSteering_setting_strategyMethod" />
                <GuiElement type="bitmap" profile="multiTextOptionBg" />
            </GuiElement>

            <GuiElement position="30px 0px" type="button" profile="guidanceSettingsButton" text="$l10n_guidanceSteering_setting_pointA" onClick="onClickSetPointA" id="guidanceSteeringPointAButton" />
            <GuiElement position="30px 0px" type="button" profile="guidanceSettingsButton" text="$l10n_guidanceSteering_setting_pointB" onClick="onClickSetPointB" id="guidanceSteeringPointBButton" />
        </GuiElement>

        <GuiElement type="boxLayout" profile="guidanceSettingsLayoutLeft" size="413px 500px" position="413px 0px" id="boxLayout">

            <GuiElement position="30px 0px" type="textInput" profile="guidanceSettingsTextInput" id="guidanceSteeringTrackNameElement"
                        onEnterPressed="onEnterPressedTrackName" toolTipElementId="settingsHelpBox" toolTipText="$l10n_toolTip_savegameName"
                        maxCharacters="30" imeKeyboardType="normal" imeTitle="$l10n_ui_savegameName" imeDescription="$l10n_ui_savegameName"
                        imePlaceholder="$l10n_ui_savegameName" focusInit="onOpen">
                <GuiElement type="text" profile="multiTextOptionSettingsTitle" text="$l10n_ui_savegameName" />
            </GuiElement>

            <GuiElement type="boxLayout" profile="ingameMenuSettingsLayout" size="413px 83px">
                <GuiElement position="30px 0px" type="button" profile="guidanceButtonDetailRight" id="guidanceSteeringCreateTrackButton" onClick="onClickCreateTrack" />
                <GuiElement position="30px 0px" type="button" profile="guidanceButtonDetailLeft" id="guidanceSteeringSaveTrackButton" onClick="onClickSaveTrack" />
                <GuiElement position="30px 0px" type="button" profile="guidanceButtonDetailLeft" id="guidanceSteeringRemoveTrackButton" onClick="onClickRemoveTrack" />
            </GuiElement>

            <GuiElement type="boxLayout" profile="ingameMenuSettingsLayout" size="413px 83px">
                <GuiElement position="30px 0px" type="button" profile="guidanceButtonDetailRight" id="guidanceSteeringRotateTrackButton" onClick="onClickRotateTrack" />
            </GuiElement>

        </GuiElement>

        <GuiElement type="empty" profile="guidanceSteeringTracksListBox" size="454px 500px" position="826px 0px" id="trackListBox">

            <GuiElement type="list" profile="trackList" size="454px 500px" position="1px -1px" onSelectionChanged="onListSelectionChanged" id="list" focusInit="onOpen">
                <GuiElement type="listItem" profile="trackListItem" id="listItemTemplate">
                    <GuiElement type="text" profile="trackListItemTitle" name="title" />
                </GuiElement>
                <GuiElement type="listItem" profile="trackListItemGroup" id="listCategoryTemplate">
                    <GuiElement type="text" profile="trackListItemGroupTitle" name="title" />
                </GuiElement>
            </GuiElement>

            <GuiElement type="bitmap" profile="verticalGlassListSliderBackground" size="28px 500px" position="-1px -1px">
                <GuiElement type="slider" profile="verticalGlassListSlider" size="16px 488px" dataElementId="list" handleFocus="false" />
            </GuiElement>

        </GuiElement>
    </GuiElement>

    <!-- Tool tip display -->
    <GuiElement type="bitmap" profile="ingameMenuHelpRowBg" position="80px 45px" id="settingsHelpBox" visible="true">
        <GuiElement type="bitmap" profile="ingameMenuHelpRowIcon" />
        <GuiElement type="text" profile="ingameMenuHelpRowText" id="settingsHelpBoxText" text="" onTextChanged="onToolTipBoxTextChanged" />
    </GuiElement>
</GUI>
