<?xml version="1.0" encoding="utf-8" standalone="no" ?>
<GUI name="vehicleSettingsPage">
	<GuiElement type="empty" profile="cpIngameMenuSettingsBox" size="1800px 720px" position="0px -130px" id="container">
		<!-- column 1 -->
		<GuiElement type="boxLayout" profile="ingameMenuSettingsLayout" position="50px 0px" >
			<GuiElement type="multiTextOption" profile="multiTextOptionSettings" onCreate="onCreateVehicleSettingsPage" name="returnToFirstPoint" toolTipElementId="ingameMenuHelpBoxText">
				<GuiElement type="button" profile="multiTextOptionSettingsLeft" />
				<GuiElement type="button" profile="multiTextOptionSettingsRight" />
				<GuiElement type="text" profile="multiTextOptionSettingsText" />
				<GuiElement type="text" profile="multiTextOptionSettingsTitle" />
				<GuiElement type="bitmap" profile="multiTextOptionSettingsBg" />
			</GuiElement>

			<GuiElement type="multiTextOption" profile="multiTextOptionSettings" onCreate="onCreateVehicleSettingsPage" name="useAITurns" toolTipElementId="ingameMenuHelpBoxText">
				<GuiElement type="button" profile="multiTextOptionSettingsLeft" />
				<GuiElement type="button" profile="multiTextOptionSettingsRight" />
				<GuiElement type="text" profile="multiTextOptionSettingsText" />
				<GuiElement type="text" profile="multiTextOptionSettingsTitle" />
				<GuiElement type="bitmap" profile="multiTextOptionSettingsBg" />
			</GuiElement>

			<GuiElement type="multiTextOption" profile="multiTextOptionSettings" onCreate="onCreateVehicleSettingsPage" name="usePathfindingInTurns" toolTipElementId="ingameMenuHelpBoxText">
				<GuiElement type="button" profile="multiTextOptionSettingsLeft" />
				<GuiElement type="button" profile="multiTextOptionSettingsRight" />
				<GuiElement type="text" profile="multiTextOptionSettingsText" />
				<GuiElement type="text" profile="multiTextOptionSettingsTitle" />
				<GuiElement type="bitmap" profile="multiTextOptionSettingsBg" />
			</GuiElement>

			<GuiElement type="multiTextOption" profile="multiTextOptionSettings" onCreate="onCreateVehicleSettingsPage" name="implementRaiseTime" toolTipElementId="ingameMenuHelpBoxText">
				<GuiElement type="button" profile="multiTextOptionSettingsLeft" />
				<GuiElement type="button" profile="multiTextOptionSettingsRight" />
				<GuiElement type="text" profile="multiTextOptionSettingsText" />
				<GuiElement type="text" profile="multiTextOptionSettingsTitle" />
				<GuiElement type="bitmap" profile="multiTextOptionSettingsBg" />
			</GuiElement>

			<GuiElement type="multiTextOption" profile="multiTextOptionSettings" onCreate="onCreateVehicleSettingsPage" name="implementLowerTime" toolTipElementId="ingameMenuHelpBoxText">
				<GuiElement type="button" profile="multiTextOptionSettingsLeft" />
				<GuiElement type="button" profile="multiTextOptionSettingsRight" />
				<GuiElement type="text" profile="multiTextOptionSettingsText" />
				<GuiElement type="text" profile="multiTextOptionSettingsTitle" />
				<GuiElement type="bitmap" profile="multiTextOptionSettingsBg" />
			</GuiElement>

			<GuiElement type="multiTextOption" profile="multiTextOptionSettings" onCreate="onCreateVehicleSettingsPage" name="selfUnload" toolTipElementId="ingameMenuHelpBoxText">
				<GuiElement type="button" profile="multiTextOptionSettingsLeft" />
				<GuiElement type="button" profile="multiTextOptionSettingsRight" />
				<GuiElement type="text" profile="multiTextOptionSettingsText" />
				<GuiElement type="text" profile="multiTextOptionSettingsTitle" />
				<GuiElement type="bitmap" profile="multiTextOptionSettingsBg" />
			</GuiElement>

		</GuiElement>
		

		<GuiElement type="bitmap" profile="ingameMenuHelpRowBg" position="80px 80px" id="ingameMenuHelpBox" visible="true">
			<GuiElement type="bitmap" profile="ingameMenuHelpRowIcon" />
			<GuiElement type="text" profile="ingameMenuHelpRowText" id="ingameMenuHelpBoxText" text="" onTextChanged="onIngameMenuHelpTextChanged"/>
		</GuiElement>		
	</GuiElement>
</GUI>