<?xml version="1.0" encoding="utf-8" standalone="no" ?>
<l10n>
    <!--
        Please contribute any other translations at
        https://github.com/DeckerMMIV/FarmSim_Mod_FollowMe
    -->

    <!-- Add your own name or nickname here, when you contribute to this file's translation, so I know who to put into the credits. -->
    <translationContributors>
        (FS19) MrMarcel5

        (FS17) translate.google.com
        (FS17) ModHub (GIANTS Software)
    </translationContributors>

    <!-- Note that 'description' is only here for easier translations. It needs to be manually copied to ModDesc.XML later. -->
    <description>
Sie wollten schon immer Fahrzeuge als Kolonne über die Karte Transportieren?
Mit "Follow Me" können Sie dies (natürlich nur vorwärtsfahrend).
    </description>

    <texts>
        <text name="FollowMeAlreadyAI"          text="Der Lohnarbeiter nutzt dieses Fahrzeug" />
        <text name="FollowMeStartEngine"        text="Zuerst Motor anlassen."                />

        <text name="FollowMeDropperNotFound"    text="Es kann in der Nähe keine Spur gefunden welcher gefolgt werden könnte.
Nähern sie sich dem führenden Fahrzeug." />

        <!--text name="FollowMeKeysMyself"         text="%s - Selbst Steuerungsmaßnahmen"  /-->
        <!--text name="FollowMeKeysBehind"         text="%s - Hinter Steuerungsmaßnahmen"  /-->
        <text name="FollowMeMyTurnOn"           text="FollowMe: Aktivieren"           />
        <text name="FollowMeMyTurnOff"          text="FollowMe: Deaktivieren"         />

        <text name="FollowMeMyDist"             text="FollowMe: Abstand"           />
        <text name="FollowMeMyOffs"             text="FollowMe: Versatz"             />
        <text name="FollowMeMyWait"             text="FollowMe: Warten"               />
        <text name="FollowMeMyResume"           text="FollowMe: Fortsetzen"             />
        <text name="FollowMeMySensor"           text="FollowMe: Collision Sensor on/off" />

        <text name="FollowMeFlDist"             text="FollowMe: Hinter Abstand"    />
        <text name="FollowMeFlOffs"             text="FollowMe: Hinter Versatz"      />
        <text name="FollowMeFlWait"             text="FollowMe: Hinter Warten"        />
        <text name="FollowMeFlResume"           text="FollowMe: Hinter Fortsetzen"      />
        <text name="FollowMeFlSensor"           text="FollowMe: Behind Coll.Sensor on/off" />

        <text name="input_FollowMeMyToggle"     text="FollowMe: Umschalten an/aus" />
        <text name="input_FollowMeMyPause"      text="FollowMe: Warten / Fortsetzen"  />
        <text name="input_FollowMeMyDist_2"     text="FollowMe: Eigener Abstand -" />
        <text name="input_FollowMeMyDist_1"     text="FollowMe: Eigener Abstand +" />
        <text name="input_FollowMeMyOffs_2"     text="FollowMe: Eigener Versatz links" />
        <text name="input_FollowMeMyOffs_1"     text="FollowMe: Eigener Versatz rechts" />
        <text name="input_FollowMeMyOffsTgl"    text="FollowMe: Eigener Versatzzyklus"   />
        <text name="input_FollowMeMySensorTgl"  text="FollowMe: Myself Coll.Sensor on/off" />

        <text name="input_FollowMeFlStop"       text="FollowMe: Hinter Aufhalten" />
        <text name="input_FollowMeFlPause"      text="FollowMe: Hinter Warten / Fortsetzen" />
        <text name="input_FollowMeFlDist_2"     text="FollowMe: Hinter Abstand -" />
        <text name="input_FollowMeFlDist_1"     text="FollowMe: Hinter Abstand +" />
        <text name="input_FollowMeFlOffs_2"     text="FollowMe: Hinter Versatz links" />
        <text name="input_FollowMeFlOffs_1"     text="FollowMe: Hinter Versatz rechts" />
        <text name="input_FollowMeFlOffsTgl"    text="FollowMe: Hinter Versatzzyklus"   />
        <text name="input_FollowMeFlSensorTgl"  text="FollowMe: Behind Coll.Sensor on/off" />

        <text name="FollowMeLeader"             text="Führendes Fahrzeug"            />
        <text name="FollowMeFollower"           text="Folgendes Fahrzeug"        />
        <text name="FollowMePaused"             text="(Warten)"        />
        <text name="FollowMeColliding"          text="(Sensor colliding)"   />
        <text name="FollowMeSensorIgnored"      text="(Collision Sensor: Off)" />
        <text name="FollowMeOffLft"             text="%.1f Links-offs."   />
        <text name="FollowMeOffRgt"             text="Recht-offs. %.1f"  />
        <text name="FollowMeDistBehind"         text="Hinterer-abst. %.0f" />
        <text name="FollowMeDistAhead"          text="Voraus-abst. %.0f"  />
        <!--text name="FollowMeTrailStrength"      text="Trail %d%%"           /-->

        <!--text name="FollowMeReason1"            text="Nachfolger '%s' gestoppt (durch Spieler)"       /-->
        <!--text name="FollowMeReason2"            text="Nachfolger '%s' gestoppt (keine Spur)"          /-->
        <!--text name="FollowMeReason3"            text="Nachfolger '%s' gestoppt (Zu weit hinten)"      /-->
        <!--text name="FollowMeReason4"            text="Nachfolger '%s' gestoppt (Führer verschwunden)" /-->

        <text name="ingameNotification_aiVehicleFollowMeLeaderVanished" text="Nachfolger '%s' gestoppt (Führer verschwunden)" />
        <text name="ingameNotification_aiVehicleFollowMeTrailLost"      text="Nachfolger '%s' gestoppt (keine Spur)" />
    </texts>
</l10n>
