﻿<?xml version="1.0" encoding="utf-8" standalone="no" ?>
<l10n>
    <!--
        Please contribute any other translations at
        https://github.com/DeckerMMIV/FarmSim_Mod_FollowMe
    -->

    <!-- Add your own name or nickname here, when you contribute to this file's translation, so I know who to put into the credits. -->
    <translationContributors>
        (FS17) Ziuta
        (FS17) Dzi4d3k
        (FS17) translate.google.com
    </translationContributors>

    <!-- Note that 'description' is only here for easier translations. It needs to be manually copied to ModDesc.XML later. -->
    <description>
Czy kiedykolwiek chciałeś by niektóre pojazdy podążały za tobą po mapie?
Od teraz możesz to osiągnąć dzięki "Follow Me" (oprócz jazdy wstecz).
    </description>

    <texts>
        <text name="FollowMeAlreadyAI"          text="Pomocnik wykorzystuje ten pojazd" />
        <text name="FollowMeStartEngine"        text="Najpierw uruchom silnik." />

        <text name="FollowMeDropperNotFound"    text="Nie można zlokalizować 'ścieżki' w zasięgu zakresu jej wyszukiwania.
Zbliż się do pojazdu prowadzącego." />

        <!--text name="FollowMeKeysMyself"         text="%s - Sterowanie prowadzącego" /-->
        <!--text name="FollowMeKeysBehind"         text="%s - Sterowanie podążającego" /-->
        <text name="FollowMeMyTurnOn"           text="FollowMe: Aktywuj"           />
        <text name="FollowMeMyTurnOff"          text="FollowMe: Dezaktywować"         />

        <text name="FollowMeMyDist"             text="FollowMe: Odstęp"           />
        <text name="FollowMeMyOffs"             text="FollowMe: Przesunięcie"             />
        <text name="FollowMeMyWait"             text="FollowMe: Czekaj"               />
        <text name="FollowMeMyResume"           text="FollowMe: Wznów"             />
        <text name="FollowMeMySensor"           text="FollowMe: Collision Sensor on/off" />

        <text name="FollowMeFlDist"             text="FollowMe: Odstęp z tyłu"    />
        <text name="FollowMeFlOffs"             text="FollowMe: Przesunięcie z tyłu"      />
        <text name="FollowMeFlWait"             text="FollowMe: Czekaj z tyłu"        />
        <text name="FollowMeFlResume"           text="FollowMe: Wznów z tyłu"      />
        <text name="FollowMeFlSensor"           text="FollowMe: Behind Coll.Sensor on/off" />

        <text name="input_FollowMeMyToggle"     text="FollowMe: Przełączanie wł/wył" />
        <text name="input_FollowMeMyPause"      text="FollowMe: Czekaj/wznów"/>
        <text name="input_FollowMeMyDist_2"     text="FollowMe: Odstęp aktywnego pojazdu -" />
        <text name="input_FollowMeMyDist_1"     text="FollowMe: Odstęp aktywnego pojazdu +" />
        <text name="input_FollowMeMyOffs_2"     text="FollowMe: Przesunięcie aktywnego pojazdu w lewo" />
        <text name="input_FollowMeMyOffs_1"     text="FollowMe: Przesunięcie aktywnego pojazdu w prawo" />
        <text name="input_FollowMeMyOffsTgl"    text="FollowMe: Przesunięcie aktywnego pojazdu cykl" />
        <text name="input_FollowMeMySensorTgl"  text="FollowMe: Myself Coll.Sensor on/off" />

        <text name="input_FollowMeFlStop"       text="FollowMe: Podążające pojazdy - STOP" />
        <text name="input_FollowMeFlPause"      text="FollowMe: Czekaj z tyłu/wznów"/>
        <text name="input_FollowMeFlDist_2"     text="FollowMe: Odstęp z tyłu -" />
        <text name="input_FollowMeFlDist_1"     text="FollowMe: Odstęp z tyłu +" />
        <text name="input_FollowMeFlOffs_2"     text="FollowMe: Odstęp z tyłu w lewo" />
        <text name="input_FollowMeFlOffs_1"     text="FollowMe: Odstęp z tyłu w prawo" />
        <text name="input_FollowMeFlOffsTgl"    text="FollowMe: Przesunięcie podążającego pojazdu cykl" />
        <text name="input_FollowMeFlSensorTgl"  text="FollowMe: Behind Coll.Sensor on/off" />

        <text name="FollowMeLeader"             text="Prowadzący" />
        <text name="FollowMeFollower"           text="Podążający" />
        <text name="FollowMePaused"             text="(Oczekiwanie)" />
        <text name="FollowMeColliding"          text="(Sensor colliding)"   />
        <text name="FollowMeSensorIgnored"      text="(Collision Sensor: Off)" />
        <text name="FollowMeOffLft"             text="%.1f Odstęp w lewo" />
        <text name="FollowMeOffRgt"             text="Odstęp w prawo %.1f" />
        <text name="FollowMeDistBehind"         text="Dystans za %.0f" />
        <text name="FollowMeDistAhead"          text="Dystans przed %.0f" />
        <!--text name="FollowMeTrailStrength"      text="Trail %d%%"           /-->

        <!--text name="FollowMeReason1"            text="Podążający '%s' zatrzymany (przez gracza)"       /-->
        <!--text name="FollowMeReason2"            text="Podążający '%s' zatrzymany (brak szlaku)"        /-->
        <!--text name="FollowMeReason3"            text="Podążający '%s' zatrzymany (został w tyle)"      /-->
        <!--text name="FollowMeReason4"            text="Podążający '%s' zatrzymany (prowadzący zniknął)" /-->

        <text name="ingameNotification_aiVehicleFollowMeLeaderVanished" text="Podążający '%s' zatrzymany (prowadzący zniknął)" />
        <text name="ingameNotification_aiVehicleFollowMeTrailLost"      text="Podążający '%s' zatrzymany (brak szlaku)" />
    </texts>
</l10n>
