﻿<?xml version="1.0" encoding="utf-8" standalone="no" ?>
<modDesc descVersion="45">
    <author>Decker_MMIV</author>
    <authorContact>fs-uk.com, forum.farming-simulator.com</authorContact>

<!--
    NOTE: For contributing translations, DO NOT edit this ModDesc.XML.
          Only modify the corresponding ModDesc_l10n_*.XML file.
-->
    <contributors>
      (FS19)
        Rushmead, MrMarcel5
      (FS17)
        DrUptown, spinah, fendtfreek, Gonimy_Vetrom, bbj89, DD ModPassion,
        pokers, Ziuta, pewemo, Alfredo Prieto, xno, Vanquish081, Paxly, Taco29, Anonymous
    </contributors>

    <version>1.6.0.29</version>

    <title>
        <en>Follow Me</en>
    </title>

    <changeLog><![CDATA[
Issues
- [WONT FIX] When FollowMe is active, it is not possible to control attached equipment
- Some translations are probably wrong

Changelog 1.6.0.29:
- Fixed minor error in FollowMe, caused by game patch 1.5.1.0

Changelog 1.5.0.25:
- Multiplayer support is implemented

Changelog 1.4.0.10:
- First attempt at multiplayer support
- Added 'Collision Sensor on/off' toggle
- Fix for "lights flashing"
- Misc. code cleanup

Changelog 1.3.0.6:
- Hiding the HUD-text after 5 seconds. Player must issue another 'Follow Me'-input-action to vehicle for displaying HUD-text again.
- Fix/work-around for making a follower-combine NOT stop at headlands/turning, due to its cutter detecting 'no more crops' to harvest.
- Reduced 'is blocked'-notifications, when obstacle/collision is detected.
- Removed superfluous 'title' and 'description' XML-tags from ModDesc.XML, for languages that are not shown in (the in-game) ModHub anyway.

Changelog 1.2.0.3:
- "Quick-tap" keys activation threshold changed to '0.3 second' (was previously '150 ms')
- Attempt at obstacle/collision detection

Changelog 1.1.0.2:
- Fix for causing error: "/specializations/Plow.lua(680) : attempt to compare number with nil"

Changelog 1.0.1.1:
- Upgraded to FS19
- As per ModHub Team certification report request, have reduced to only using 'EN'-title, due to using same title-name for all languages
]]></changeLog>

    <description>
        <en>
<![CDATA[Ever wanted to have some vehicles follow you around the map?
With "Follow Me" you can (though not backwards driving).


Issues
- [WONT FIX] When FollowMe is active, it is not possible to control attached equipment
- Some translations are probably wrong

Changelog 1.6.0.29:
- Multiplayer support is implemented
- Added 'Collision Sensor on/off' toggle
- Fix for "lights flashing"
- Fixed minor error in FollowMe, caused by game patch 1.5.1.0

Changelog 1.3.0.6:
- Hiding the HUD-text after 5 seconds. Player must issue another 'Follow Me'-input-action to vehicle for displaying HUD-text again.
- Fix/work-around for making a follower-combine NOT stop at headlands/turning, due to its cutter detecting 'no more crops' to harvest.
- Reduced 'is blocked'-notifications, when obstacle/collision is detected.
- Removed superfluous 'title' and 'description' XML-tags from ModDesc.XML, for languages that are not shown in (the in-game) ModHub anyway.

Changelog 1.2.0.3:
- "Quick-tap" keys activation threshold changed to '0.3 second' (was previously '150 ms')
- Attempt at obstacle/collision detection

Changelog 1.1.0.2:
- Fix for causing error: "/specializations/Plow.lua(680) : attempt to compare number with nil"
]]>
        </en>
        <de>
<![CDATA[Sie wollten schon immer Fahrzeuge als Kolonne über die Karte Transportieren?
Mit "Follow Me" können Sie dies (natürlich nur vorwärtsfahrend).


Issues
- [WONT FIX] When FollowMe is active, it is not possible to control attached equipment
- Some translations are probably wrong

Changelog 1.6.0.29:
- Multiplayer support is implemented
- Added 'Collision Sensor on/off' toggle
- Fix for "lights flashing"
- Fixed minor error in FollowMe, caused by game patch 1.5.1.0

Changelog 1.3.0.6:
- Hiding the HUD-text after 5 seconds. Player must issue another 'Follow Me'-input-action to vehicle for displaying HUD-text again.
- Fix/work-around for making a follower-combine NOT stop at headlands/turning, due to its cutter detecting 'no more crops' to harvest.
- Reduced 'is blocked'-notifications, when obstacle/collision is detected.
- Removed superfluous 'title' and 'description' XML-tags from ModDesc.XML, for languages that are not shown in (the in-game) ModHub anyway.

Changelog 1.2.0.3:
- "Quick-tap" keys activation threshold changed to '0.3 second' (was previously '150 ms')
- Attempt at obstacle/collision detection

Changelog 1.1.0.2:
- Fix for causing error: "/specializations/Plow.lua(680) : attempt to compare number with nil"
]]>
        </de>
        <fr>
<![CDATA[Vous avez toujours souhaité que certains véhicules puissent vous suivre ?
Avec "Follow Me", c'est possible (sauf en marche arrière).


Issues
- [WONT FIX] When FollowMe is active, it is not possible to control attached equipment
- Some translations are probably wrong

Changelog 1.6.0.29:
- Multiplayer support is implemented
- Added 'Collision Sensor on/off' toggle
- Fix for "lights flashing"
- Fixed minor error in FollowMe, caused by game patch 1.5.1.0

Changelog 1.3.0.6:
- Hiding the HUD-text after 5 seconds. Player must issue another 'Follow Me'-input-action to vehicle for displaying HUD-text again.
- Fix/work-around for making a follower-combine NOT stop at headlands/turning, due to its cutter detecting 'no more crops' to harvest.
- Reduced 'is blocked'-notifications, when obstacle/collision is detected.
- Removed superfluous 'title' and 'description' XML-tags from ModDesc.XML, for languages that are not shown in (the in-game) ModHub anyway.

Changelog 1.2.0.3:
- "Quick-tap" keys activation threshold changed to '0.3 second' (was previously '150 ms')
- Attempt at obstacle/collision detection

Changelog 1.1.0.2:
- Fix for causing error: "/specializations/Plow.lua(680) : attempt to compare number with nil"
]]>
        </fr>
    </description>

    <iconFilename>icon_FollowMe.dds</iconFilename>

    <multiplayer supported="true"/>

    <extraSourceFiles>
        <sourceFile filename="AIVehicle_Override.lua" />
        <sourceFile filename="register.lua" />
    </extraSourceFiles>

    <l10n filenamePrefix="modDesc_l10n" /> <!-- Load the corresponding modDesc_l10n_<language>.XML file, or revert to 'en'/'de'. -->

    <actions>
        <action name="FollowMeMyToggle"    category="VEHICLE" axisType="HALF" />
        <action name="FollowMeMyPause"     category="VEHICLE" axisType="HALF" />
        <action name="FollowMeMyDist"      category="VEHICLE" axisType="FULL" />
        <action name="FollowMeMyOffs"      category="VEHICLE" axisType="FULL" />
        <action name="FollowMeMyOffsTgl"   category="VEHICLE" axisType="HALF" />
        <action name="FollowMeMySensorTgl" category="VEHICLE" axisType="HALF" />

        <action name="FollowMeFlStop"      category="VEHICLE" axisType="HALF" />
        <action name="FollowMeFlPause"     category="VEHICLE" axisType="HALF" />
        <action name="FollowMeFlDist"      category="VEHICLE" axisType="FULL" />
        <action name="FollowMeFlOffs"      category="VEHICLE" axisType="FULL" />
        <action name="FollowMeFlOffsTgl"   category="VEHICLE" axisType="HALF" />
        <action name="FollowMeFlSensorTgl" category="VEHICLE" axisType="HALF" />
    </actions>

    <inputBinding>
        <actionBinding action="FollowMeMyToggle">
          <binding device="KB_MOUSE_DEFAULT" input="KEY_rctrl KEY_f" index="1" />
        </actionBinding>
        <actionBinding action="FollowMeMyPause">
          <binding device="KB_MOUSE_DEFAULT" input="KEY_rctrl KEY_h" index="1" />
        </actionBinding>
        <actionBinding action="FollowMeMyDist">
          <binding device="KB_MOUSE_DEFAULT" input="KEY_rctrl KEY_w" axisComponent="-" neutralInput="0" index="1" />
          <binding device="KB_MOUSE_DEFAULT" input="KEY_rctrl KEY_s" axisComponent="+" neutralInput="0" index="1" />
        </actionBinding>
        <actionBinding action="FollowMeMyOffs">
          <binding device="KB_MOUSE_DEFAULT" input="KEY_rctrl KEY_a" axisComponent="-" neutralInput="0" index="1" />
          <binding device="KB_MOUSE_DEFAULT" input="KEY_rctrl KEY_d" axisComponent="+" neutralInput="0" index="1" />
        </actionBinding>
        <actionBinding action="FollowMeMyOffsTgl">
          <binding device="KB_MOUSE_DEFAULT" input="KEY_rctrl KEY_x" index="1" />
        </actionBinding>
        <actionBinding action="FollowMeMySensorTgl">
          <binding device="KB_MOUSE_DEFAULT" input="KEY_rctrl KEY_q" index="1" />
        </actionBinding>

        <actionBinding action="FollowMeFlStop">
          <binding device="KB_MOUSE_DEFAULT" input="KEY_rshift KEY_f" index="1" />
        </actionBinding>
        <actionBinding action="FollowMeFlPause">
          <binding device="KB_MOUSE_DEFAULT" input="KEY_rshift KEY_h" index="1" />
        </actionBinding>
        <actionBinding action="FollowMeFlDist">
          <binding device="KB_MOUSE_DEFAULT" input="KEY_rshift KEY_w" axisComponent="-" neutralInput="0" index="1" />
          <binding device="KB_MOUSE_DEFAULT" input="KEY_rshift KEY_s" axisComponent="+" neutralInput="0" index="1" />
        </actionBinding>
        <actionBinding action="FollowMeFlOffs">
          <binding device="KB_MOUSE_DEFAULT" input="KEY_rshift KEY_a" axisComponent="-" neutralInput="0" index="1" />
          <binding device="KB_MOUSE_DEFAULT" input="KEY_rshift KEY_d" axisComponent="+" neutralInput="0" index="1" />
        </actionBinding>
        <actionBinding action="FollowMeFlOffsTgl">
          <binding device="KB_MOUSE_DEFAULT" input="KEY_rshift KEY_x" index="1" />
        </actionBinding>
        <actionBinding action="FollowMeFlSensorTgl">
          <binding device="KB_MOUSE_DEFAULT" input="KEY_rshift KEY_q" index="1" />
        </actionBinding>
    </inputBinding>
</modDesc>
