﻿<?xml version="1.0" encoding="utf-8" standalone="no" ?>
<l10n>
    <!--
        Please contribute any other translations at
        https://github.com/DeckerMMIV/FarmSim_Mod_FollowMe
    -->

    <!-- Add your own name or nickname here, when you contribute to this file's translation, so I know who to put into the credits. -->
    <translationContributors>
        Decker_MMIV
    </translationContributors>

    <!-- Note that 'description' is only here for easier translations. It needs to be manually copied to ModDesc.XML later. -->
    <description>
Ever wanted to have some vehicles follow you around the map?
With "Follow Me" you can (though not backwards driving).
    </description>

    <texts>
        <text name="FollowMeAlreadyAI"          text="Hired worker is using this vehicle" />
        <text name="FollowMeStartEngine"        text="Start engine first." />

        <text name="FollowMeDropperNotFound"    text="Unable to locate a nearby 'trail' within viewing-range to follow.
Move closer to the leading vehicle, while staying behind it." />

        <!--text name="FollowMeKeysMyself"         text="%s - Myself control actions"  /-->
        <!--text name="FollowMeKeysBehind"         text="%s - Behind control actions"  /-->
        <text name="FollowMeMyTurnOn"           text="FollowMe: Activate"           />
        <text name="FollowMeMyTurnOff"          text="FollowMe: Deactivate"         />

        <text name="FollowMeMyDist"             text="FollowMe: Distance"           />
        <text name="FollowMeMyOffs"             text="FollowMe: Offset"             />
        <text name="FollowMeMyWait"             text="FollowMe: Wait"               />
        <text name="FollowMeMyResume"           text="FollowMe: Resume"             />
        <text name="FollowMeMySensor"           text="FollowMe: Collision Sensor on/off" />

        <text name="FollowMeFlDist"             text="FollowMe: Behind Distance"    />
        <text name="FollowMeFlOffs"             text="FollowMe: Behind Offset"      />
        <text name="FollowMeFlWait"             text="FollowMe: Behind Wait"        />
        <text name="FollowMeFlResume"           text="FollowMe: Behind Resume"      />
        <text name="FollowMeFlSensor"           text="FollowMe: Behind Coll.Sensor on/off" />

        <text name="input_FollowMeMyToggle"     text="FollowMe: Toggle on/off"       />
        <text name="input_FollowMeMyPause"      text="FollowMe: Myself Wait/Resume"  />
        <text name="input_FollowMeMyDist_2"     text="FollowMe: Myself Distance -"   />
        <text name="input_FollowMeMyDist_1"     text="FollowMe: Myself Distance +"   />
        <text name="input_FollowMeMyOffs_2"     text="FollowMe: Myself Offset left"  />
        <text name="input_FollowMeMyOffs_1"     text="FollowMe: Myself Offset right" />
        <text name="input_FollowMeMyOffsTgl"    text="FollowMe: Myself Offset cycle" />
        <text name="input_FollowMeMySensorTgl"  text="FollowMe: Myself Coll.Sensor on/off" />

        <text name="input_FollowMeFlStop"       text="FollowMe: Behind Disengage"    />
        <text name="input_FollowMeFlPause"      text="FollowMe: Behind Wait/Resume"  />
        <text name="input_FollowMeFlDist_2"     text="FollowMe: Behind Distance -"   />
        <text name="input_FollowMeFlDist_1"     text="FollowMe: Behind Distance +"   />
        <text name="input_FollowMeFlOffs_2"     text="FollowMe: Behind Offset left"  />
        <text name="input_FollowMeFlOffs_1"     text="FollowMe: Behind Offset right" />
        <text name="input_FollowMeFlOffsTgl"    text="FollowMe: Behind Offset cycle" />
        <text name="input_FollowMeFlSensorTgl"  text="FollowMe: Behind Coll.Sensor on/off" />

        <text name="FollowMeLeader"             text="Leader"               />
        <text name="FollowMeFollower"           text="Follower"             />
        <text name="FollowMePaused"             text="(Waiting)"            />
        <text name="FollowMeColliding"          text="(Sensor colliding)"   />
        <text name="FollowMeSensorIgnored"      text="(Collision Sensor: Off)" />
        <text name="FollowMeOffLft"             text="%.1f Left-offs."      />
        <text name="FollowMeOffRgt"             text="Right-offs. %.1f"     />
        <text name="FollowMeDistBehind"         text="Behind-dist. %.0f"    />
        <text name="FollowMeDistAhead"          text="Ahead-dist. %.0f"     />
        <!--text name="FollowMeTrailStrength"      text="Trail %d%%"           /-->

        <!--text name="FollowMeReason1"            text="Follower '%s' stopped (by player)"       /-->
        <!--text name="FollowMeReason2"            text="Follower '%s' stopped (no trail)"        /-->
        <!--text name="FollowMeReason3"            text="Follower '%s' stopped (too far behind)"  /-->
        <!--text name="FollowMeReason4"            text="Follower '%s' stopped (leader vanished)" /-->

        <text name="ingameNotification_aiVehicleFollowMeLeaderVanished" text="Follower '%s' stopped (leader vanished)" />
        <text name="ingameNotification_aiVehicleFollowMeTrailLost"      text="Follower '%s' stopped (trail lost)" />
    </texts>
</l10n>