﻿<?xml version="1.0" encoding="utf-8" standalone="no" ?>
<l10n>
    <!--
        Please contribute any other translations at
        https://github.com/DeckerMMIV/FarmSim_Mod_FollowMe
    -->

    <!-- Add your own name or nickname here, when you contribute to this file's translation, so I know who to put into the credits. -->
    <translationContributors>
        (FS17) DD Modpassion
        (FS17) xno
        (FS17) Paxly
    </translationContributors>

    <!-- Note that 'description' is only here for easier translations. It needs to be manually copied to ModDesc.XML later. -->
    <description>
Hai mai voluto avere alcuni veicoli che ti seguono per la mappa?
Con "Follow Me" è possibile (non ancora con guida in retromarcia).
    </description>

    <texts>
        <text name="FollowMeAlreadyAI"          text="Il lavoratore assunto sta usando questo veicolo" />
        <text name="FollowMeStartEngine"        text="Accendi il motore prima." />

        <text name="FollowMeDropperNotFound"    text="Impossibile trovare una 'scia' vicina nel campo visivo da seguire.
Avvicinati al mezzo che ti precede." />

        <!--text name="FollowMeKeysMyself"         text="%s - Comandi capo scia"    /-->
        <!--text name="FollowMeKeysBehind"         text="%s - Comandi inseguitore"  /-->
        <text name="FollowMeMyTurnOn"           text="FollowMe: Attivare"           />
        <text name="FollowMeMyTurnOff"          text="FollowMe: Disattivare"         />

        <text name="FollowMeMyDist"             text="FollowMe: Distanza"           />
        <text name="FollowMeMyOffs"             text="FollowMe: Distanza laterale"  />
        <text name="FollowMeMyWait"             text="FollowMe: Aspetta"               />
        <text name="FollowMeMyResume"           text="FollowMe: Riparti"             />
        <text name="FollowMeMySensor"           text="FollowMe: Collision Sensor on/off" />

        <text name="FollowMeFlDist"             text="FollowMe: Distanza dell'inseguitore"    />
        <text name="FollowMeFlOffs"             text="FollowMe: Distanza laterale dell'inseguitore" />
        <text name="FollowMeFlWait"             text="FollowMe: Inseguitore Aspetta"       />
        <text name="FollowMeFlResume"           text="FollowMe: Inseguitore Riparti"      />
        <text name="FollowMeFlSensor"           text="FollowMe: Behind Coll.Sensor on/off" />

        <text name="input_FollowMeMyToggle"     text="FollowMe: Attiva on/off" />
        <text name="input_FollowMeMyPause"      text="FollowMe: Aspetta/Riparti" />
        <text name="input_FollowMeMyDist_2"     text="FollowMe: Mia distanza -" />
        <text name="input_FollowMeMyDist_1"     text="FollowMe: Mia distanza +" />
        <text name="input_FollowMeMyOffs_2"     text="FollowMe: Mia distanza laterale sx" />
        <text name="input_FollowMeMyOffs_1"     text="FollowMe: Mia distanza laterale dx" />
        <text name="input_FollowMeMyOffsTgl"    text="FollowMe: Mia distanza laterale ciclo" />
        <text name="input_FollowMeMySensorTgl"  text="FollowMe: Myself Coll.Sensor on/off" />

        <text name="input_FollowMeFlStop"       text="FollowMe: Ferma l'inseguitore"  />
        <text name="input_FollowMeFlPause"      text="FollowMe: Inseguitore Aspetta/Riparti" />
        <text name="input_FollowMeFlDist_2"     text="FollowMe: Distanza dell'inseguitore -" />
        <text name="input_FollowMeFlDist_1"     text="FollowMe: Distanza dell'inseguitore +" />
        <text name="input_FollowMeFlOffs_2"     text="FollowMe: Distanza dell'inseguitore a sx" />
        <text name="input_FollowMeFlOffs_1"     text="FollowMe: Distanza dell'inseguitore a dx" />
        <text name="input_FollowMeFlOffsTgl"    text="FollowMe: Distanza dell'inseguitore ciclo" />
        <text name="input_FollowMeFlSensorTgl"  text="FollowMe: Behind Coll.Sensor on/off" />

        <text name="FollowMeLeader"             text="Leader" />
        <text name="FollowMeFollower"           text="Inseguitore" />
        <text name="FollowMePaused"             text="(In attesa)" />
        <text name="FollowMeColliding"          text="(Sensor colliding)"   />
        <text name="FollowMeSensorIgnored"      text="(Collision Sensor: Off)" />
        <text name="FollowMeOffLft"             text="%.1f Distanza laterale a sx" />
        <text name="FollowMeOffRgt"             text="Distanza laterale a dx %.1f" />
        <text name="FollowMeDistBehind"         text="Distanza dietro %.0f" />
        <text name="FollowMeDistAhead"          text="Distanza davanti %.0f" />
        <!--text name="FollowMeTrailStrength"      text="Trail %d%%"           /-->

        <!--text name="FollowMeReason1"            text="Inseguitore '%s' fermato (dal giocatore)"    /-->
        <!--text name="FollowMeReason2"            text="Inseguitore '%s' fermato (nessuna pista)"    /-->
        <!--text name="FollowMeReason3"            text="Inseguitore '%s' fermato (troppo lontano)"   /-->
        <!--text name="FollowMeReason4"            text="Inseguitore '%s' fermato (leader scomparso)" /-->

        <text name="ingameNotification_aiVehicleFollowMeLeaderVanished" text="Inseguitore '%s' fermato (leader scomparso)" />
        <text name="ingameNotification_aiVehicleFollowMeTrailLost"      text="Inseguitore '%s' fermato (nessuna pista)" />
    </texts>
</l10n>
