﻿<?xml version="1.0" encoding="utf-8" standalone="no" ?>
<l10n>
    <!--
        Please contribute any other translations at
        https://github.com/DeckerMMIV/FarmSim_Mod_FollowMe
    -->

    <!-- Add your own name or nickname here, when you contribute to this file's translation, so I know who to put into the credits. -->
    <translationContributors>
        (FS17) pokers
        (FS17) translate.google.com
    </translationContributors>

    <!-- Note that 'description' is only here for easier translations. It needs to be manually copied to ModDesc.XML later. -->
    <description>
Mindig is szeretted volna, hogy a járművek kövessenek bármerre is mész a térképen?
A "Follow Me"-vel most megteheted (csak ne tolass).
    </description>

    <texts>
        <text name="FollowMeAlreadyAI"          text="Bérelt munkavállaló a jármű használatával" />
        <text name="FollowMeStartEngine"        text="Először indítsd be a motort." />

        <text name="FollowMeDropperNotFound"    text="Keresési tartományban nincs követhető jármű.
Menj közelebb a követendő járműhöz." />

        <!--text name="FollowMeKeysMyself"         text="%s - Myself ellenőrzési intézkedések"  /-->
        <!--text name="FollowMeKeysBehind"         text="%s - Követő ellenőrzési intézkedések"  /-->
        <text name="FollowMeMyTurnOn"           text="FollowMe: Aktiválja"           />
        <text name="FollowMeMyTurnOff"          text="FollowMe: Deaktiválni"         />

        <text name="FollowMeMyDist"             text="FollowMe: Távolság"           />
        <text name="FollowMeMyOffs"             text="FollowMe: Eltolás"             />
        <text name="FollowMeMyWait"             text="FollowMe: Várakozok"               />
        <text name="FollowMeMyResume"           text="FollowMe: Követem"             />
        <text name="FollowMeMySensor"           text="FollowMe: Collision Sensor on/off" />

        <text name="FollowMeFlDist"             text="FollowMe: Követő távolság"    />
        <text name="FollowMeFlOffs"             text="FollowMe: Követő eltolás"      />
        <text name="FollowMeFlWait"             text="FollowMe: Követő várjon"        />
        <text name="FollowMeFlResume"           text="FollowMe: Követő kövessen"      />
        <text name="FollowMeFlSensor"           text="FollowMe: Behind Coll.Sensor on/off" />

        <text name="input_FollowMeMyToggle"     text="FollowMe: Ki/Be"                  />
        <text name="input_FollowMeMyPause"      text="FollowMe: Várakozok/Követem"      />
        <text name="input_FollowMeMyDist_2"     text="FollowMe: Követési távolság -"    />
        <text name="input_FollowMeMyDist_1"     text="FollowMe: Követési távolság +"    />
        <text name="input_FollowMeMyOffs_2"     text="FollowMe: Eltolás balra"          />
        <text name="input_FollowMeMyOffs_1"     text="FollowMe: Eltolás jobbra"         />
        <text name="input_FollowMeMyOffsTgl"    text="FollowMe: Eltolás ciklus"   />
        <text name="input_FollowMeMySensorTgl"  text="FollowMe: Myself Coll.Sensor on/off" />

        <text name="input_FollowMeFlStop"       text="FollowMe: Követés kikapcsolása"   />
        <text name="input_FollowMeFlPause"      text="FollowMe: Várjon/Kövessen"        />
        <text name="input_FollowMeFlDist_2"     text="FollowMe: Követési távolság -"    />
        <text name="input_FollowMeFlDist_1"     text="FollowMe: Követési távolság +"    />
        <text name="input_FollowMeFlOffs_2"     text="FollowMe: Követő Eltolás balra"          />
        <text name="input_FollowMeFlOffs_1"     text="FollowMe: Követő Eltolás jobbra"         />
        <text name="input_FollowMeFlOffsTgl"    text="FollowMe: Követő Eltolás ciklus"   />
        <text name="input_FollowMeFlSensorTgl"  text="FollowMe: Behind Coll.Sensor on/off" />

        <text name="FollowMeLeader"             text="Vezető"               />
        <text name="FollowMeFollower"           text="Követő"               />
        <text name="FollowMePaused"             text="(Várakozik)"         />
        <text name="FollowMeColliding"          text="(Sensor colliding)"   />
        <text name="FollowMeSensorIgnored"      text="(Collision Sensor: Off)" />
        <text name="FollowMeOffLft"             text="%.1f Eltolás balra"   />
        <text name="FollowMeOffRgt"             text="Eltolás jobbra %.1f"  />
        <text name="FollowMeDistBehind"         text="Követési táv %.0f"    />
        <text name="FollowMeDistAhead"          text="Követési táv %.0f"    />
        <!--text name="FollowMeTrailStrength"      text="Trail %d%%"           /-->

        <!--text name="FollowMeReason1"            text="Követő '%s' megállt (a játékos)"        /-->
        <!--text name="FollowMeReason2"            text="Követő '%s' megállt (nincs nyomvonal)"  /-->
        <!--text name="FollowMeReason3"            text="Követő '%s' megállt (túl messze)"       /-->
        <!--text name="FollowMeReason4"            text="Követő '%s' megállt (vezér eltűnt)"     /-->

        <text name="ingameNotification_aiVehicleFollowMeLeaderVanished" text="Követő '%s' megállt (vezér eltűnt)" />
        <text name="ingameNotification_aiVehicleFollowMeTrailLost"      text="Követő '%s' megállt (nincs nyomvonal)" />
    </texts>
</l10n>
