﻿<?xml version="1.0" encoding="utf-8" standalone="no" ?>
<l10n>
    <!--
        Please contribute any other translations at
        https://github.com/DeckerMMIV/FarmSim_Mod_FollowMe
    -->

    <!-- Add your own name or nickname here, when you contribute to this file's translation, so I know who to put into the credits. -->
    <translationContributors>
        (FS17) Alfredo Prieto
        (FS17) Vanquish081
        (FS17) translate.google.com
    </translationContributors>

    <!-- Note that 'description' is only here for easier translations. It needs to be manually copied to ModDesc.XML later. -->
    <description>
¿Quieres conseguir que te sigan algunos de tus vehículos alrededor del mapa?
Con "Follow Me" se puede conseguir.(No funciona con marcha atrás).
    </description>

    <texts>
        <text name="FollowMeAlreadyAI"          text="Un ayudante (AI) está utilizando este vehículo" />
        <text name="FollowMeStartEngine"        text="Debes arrancar el motor primero." />

        <text name="FollowMeDropperNotFound"    text="Incapaz de localizar un vehículo guía en el rango de visión.
Acérquese más a la cabeza tractora." />

        <!--text name="FollowMeKeysMyself"         text="%s - Control/Acciones Propias"     /-->
        <!--text name="FollowMeKeysBehind"         text="%s - Control/Acciones Seguidores"  /-->
        <text name="FollowMeMyTurnOn"           text="FollowMe: Activar"           />
        <text name="FollowMeMyTurnOff"          text="FollowMe: Desactivar"         />

        <text name="FollowMeMyDist"             text="FollowMe: Distancia"           />
        <text name="FollowMeMyOffs"             text="FollowMe: Offset"             />
        <text name="FollowMeMyWait"             text="FollowMe: Pausar"               />
        <text name="FollowMeMyResume"           text="FollowMe: Reiniciar"             />
        <text name="FollowMeMySensor"           text="FollowMe: Collision Sensor on/off" />

        <text name="FollowMeFlDist"             text="FollowMe: Distancia seguidor"    />
        <text name="FollowMeFlOffs"             text="FollowMe: Offset seguidor"      />
        <text name="FollowMeFlWait"             text="FollowMe: Pausar seguidor"        />
        <text name="FollowMeFlResume"           text="FollowMe: Reiniciar seguidor"      />
        <text name="FollowMeFlSensor"           text="FollowMe: Behind Coll.Sensor on/off" />

        <text name="input_FollowMeMyToggle"     text="FollowMe: On/Off" />
        <text name="input_FollowMeMyPause"      text="FollowMe: Pausar/reiniciar Guía" />
        <text name="input_FollowMeMyDist_2"     text="FollowMe: Disminuir distancia Guía" />
        <text name="input_FollowMeMyDist_1"     text="FollowMe: Aumentar distancia Guía" />
        <text name="input_FollowMeMyOffs_2"     text="FollowMe: Offset Izquieda Guía" />
        <text name="input_FollowMeMyOffs_1"     text="FollowMe: Offset Derecha Guía" />
        <text name="input_FollowMeMyOffsTgl"    text="FollowMe: Offset ciclo Guía"   />
        <text name="input_FollowMeMySensorTgl"  text="FollowMe: Myself Coll.Sensor on/off" />

        <text name="input_FollowMeFlStop"       text="FollowMe: Detener seguidor" />
        <text name="input_FollowMeFlPause"      text="FollowMe: Pausar/reiniciar seguidor" />
        <text name="input_FollowMeFlDist_2"     text="FollowMe: Distancia seguidor -" />
        <text name="input_FollowMeFlDist_1"     text="FollowMe: Distancia seguidor +" />
        <text name="input_FollowMeFlOffs_2"     text="FollowMe: Offset izquierda seguidor" />
        <text name="input_FollowMeFlOffs_1"     text="FollowMe: Offset derecha seguidor" />
        <text name="input_FollowMeFlOffsTgl"    text="FollowMe: Offset ciclo seguidor"   />
        <text name="input_FollowMeFlSensorTgl"  text="FollowMe: Behind Coll.Sensor on/off" />

        <text name="FollowMeLeader"             text="Guía" />
        <text name="FollowMeFollower"           text="Seguidor" />
        <text name="FollowMePaused"             text="(En espera)" />
        <text name="FollowMeColliding"          text="(Sensor colliding)"   />
        <text name="FollowMeSensorIgnored"      text="(Collision Sensor: Off)" />
        <text name="FollowMeOffLft"             text="%.1f Izda-offset" />
        <text name="FollowMeOffRgt"             text="Dcha-offset %.1f" />
        <text name="FollowMeDistBehind"         text="Atrás-dist. %.0f" />
        <text name="FollowMeDistAhead"          text="Adelante-dist. %.0f" />
        <!--text name="FollowMeTrailStrength"      text="Trail %d%%"           /-->

        <!--text name="FollowMeReason1"            text="Follower '%s' ha parado (por jugador)"              /-->
        <!--text name="FollowMeReason2"            text="Follower '%s' ha parado (no hay rastro)"            /-->
        <!--text name="FollowMeReason3"            text="Follower '%s' ha parado (demasiado lejos)"          /-->
        <!--text name="FollowMeReason4"            text="Follower '%s' ha parado (ha perdido la referencia)" /-->

        <text name="ingameNotification_aiVehicleFollowMeLeaderVanished" text="Follower '%s' ha parado (ha perdido la referencia)" />
        <text name="ingameNotification_aiVehicleFollowMeTrailLost"      text="Follower '%s' ha parado (no hay rastro)" />
    </texts>
</l10n>
