﻿<?xml version="1.0" encoding="utf-8" standalone="no" ?>
<l10n>
    <!--
        Please contribute any other translations at
        https://github.com/DeckerMMIV/FarmSim_Mod_FollowMe
    -->

    <!-- Add your own name or nickname here, when you contribute to this file's translation, so I know who to put into the credits. -->
    <translationContributors>
        (FS17) pewemo
    </translationContributors>

    <!-- Note that 'description' is only here for easier translations. It needs to be manually copied to ModDesc.XML later. -->
    <description>
Zou je willen dat sommige voertuigen je volgen over de map?
Met "Follow Me" kan dat (alleen niet bij achteruit rijden).
    </description>

    <texts>
        <text name="FollowMeAlreadyAI"          text="Ingehuurde werknemer gebruikt dit voertuig" />
        <text name="FollowMeStartEngine"        text="Start motor eerst." />

        <text name="FollowMeDropperNotFound"    text="Niet binnen het bereik van een 'spoor'.
Verklein afstand tot leiden voertuig." />

        <!--text name="FollowMeKeysMyself"         text="%s - Myself controleacties"  /-->
        <!--text name="FollowMeKeysBehind"         text="%s - Behind controleacties"  /-->
        <text name="FollowMeMyTurnOn"           text="FollowMe: Activeren"           />
        <text name="FollowMeMyTurnOff"          text="FollowMe: Deactiveren"         />

        <text name="FollowMeMyDist"             text="FollowMe: Afstand"           />
        <text name="FollowMeMyOffs"             text="FollowMe: Uitlijning"             />
        <text name="FollowMeMyWait"             text="FollowMe: Wacht"               />
        <text name="FollowMeMyResume"           text="FollowMe: Hervat"             />
        <text name="FollowMeMySensor"           text="FollowMe: Collision Sensor on/off" />

        <text name="FollowMeFlDist"             text="FollowMe: Volger afstand"    />
        <text name="FollowMeFlOffs"             text="FollowMe: Volger uitlijning"      />
        <text name="FollowMeFlWait"             text="FollowMe: Volger wacht"        />
        <text name="FollowMeFlResume"           text="FollowMe: Volger hervat"      />
        <text name="FollowMeFlSensor"           text="FollowMe: Behind Coll.Sensor on/off" />

        <text name="input_FollowMeMyToggle"     text="FollowMe: Schakel aan/uit" />
        <text name="input_FollowMeMyPause"      text="FollowMe: Wacht/hervat" />
        <text name="input_FollowMeMyDist_2"     text="FollowMe: Eigen afstand -" />
        <text name="input_FollowMeMyDist_1"     text="FollowMe: Eigen afstand +" />
        <text name="input_FollowMeMyOffs_2"     text="FollowMe: Eigen uitlijning links" />
        <text name="input_FollowMeMyOffs_1"     text="FollowMe: Eigen uitlijning rechts" />
        <text name="input_FollowMeMyOffsTgl"    text="FollowMe: Eigen uitlijning cyclus"   />
        <text name="input_FollowMeMySensorTgl"  text="FollowMe: Myself Coll.Sensor on/off" />

        <text name="input_FollowMeFlStop"       text="FollowMe: Volger Stop" />
        <text name="input_FollowMeFlPause"      text="FollowMe: Volger Wacht/hervat" />
        <text name="input_FollowMeFlDist_2"     text="FollowMe: Volger afstand -" />
        <text name="input_FollowMeFlDist_1"     text="FollowMe: Volger afstand +" />
        <text name="input_FollowMeFlOffs_2"     text="FollowMe: Volger uitlijning links" />
        <text name="input_FollowMeFlOffs_1"     text="FollowMe: Volger uitlijning rechts" />
        <text name="input_FollowMeFlOffsTgl"    text="FollowMe: Volger uitlijning cyclus"   />
        <text name="input_FollowMeFlSensorTgl"  text="FollowMe: Behind Coll.Sensor on/off" />

        <text name="FollowMeLeader"             text="Leider" />
        <text name="FollowMeFollower"           text="Volger" />
        <text name="FollowMePaused"             text="(Wacht)" />
        <text name="FollowMeColliding"          text="(Sensor colliding)"   />
        <text name="FollowMeSensorIgnored"      text="(Collision Sensor: Off)" />
        <text name="FollowMeOffLft"             text="%.1f Links-uitls." />
        <text name="FollowMeOffRgt"             text="Rechts-uitl. %.1f" />
        <text name="FollowMeDistBehind"         text="Achter-afst. %.0f" />
        <text name="FollowMeDistAhead"          text="Voor-afst. %.0f" />
        <!--text name="FollowMeTrailStrength"      text="Trail %d%%"           /-->

        <!--text name="FollowMeReason1"            text="Volger '%s' gestopt (door de speler)"     /-->
        <!--text name="FollowMeReason2"            text="Volger '%s' gestopt (geen trail)"         /-->
        <!--text name="FollowMeReason3"            text="Volger '%s' gestopt (te ver achter)"      /-->
        <!--text name="FollowMeReason4"            text="Volger '%s' gestopt (leider verdween)"    /-->

        <text name="ingameNotification_aiVehicleFollowMeLeaderVanished" text="Volger '%s' gestopt (leider verdween)" />
        <text name="ingameNotification_aiVehicleFollowMeTrailLost"      text="Volger '%s' gestopt (geen trail)" />
    </texts>
</l10n>
