<?xml version="1.0" encoding="utf-8" standalone="no" ?>
<sounds>
    <motorStart template="LARGE_TRACTOR_MOTOR_START" file="$data/sounds/vehicles/engine/fendt_9xx/fendt_9xx_start.wav" linkNode="0>"/>
    <motorStop template="LARGE_TRACTOR_MOTOR_STOP" file="$data/sounds/vehicles/engine/fendt_9xx/fendt_9xx_stop.wav" linkNode="0>"/>

    <motor template="LARGE_TRACTOR_MOTOR_IDLE" file="$data/sounds/vehicles/engine/fendt_9xx/fendt_9xx_idle_loop.wav" linkNode="0>"/>
    <motor template="FENDT900_MOTOR_OFFLOAD_RUN" file="$data/sounds/vehicles/engine/fendt_9xx/fendt_9xx_run_loop.wav" linkNode="0>"/>
    <motor template="FENDT900_MOTOR_ONLOAD_RUN" file="$data/sounds/vehicles/engine/fendt_9xx/fendt_9xx_load_loop.wav" linkNode="0>"/>

    <gearbox template="DEFAULT_GEARBOX" file="sounds/run_800S4.wav" linkNode="0>"/>
    <retarder template="DEFAULT_RETARDER" file="sounds/run_internal2.wav" linkNode="0>"/>

    <airCompressorStart template="BRAKE_COMPRESSOR_START" linkNode="0>"/>
    <airCompressorStop template="BRAKE_COMPRESSOR_STOP" linkNode="0>"/>
    <airCompressorRun template="BRAKE_COMPRESSOR_RUN" linkNode="0>"/>
    <compressedAir template="BRAKE_SMALL" linkNode="0>"/>
    <airRelease template="BRAKE_REGULATOR_VALVE" linkNode="0>"/>

</sounds>
