﻿<?xml version="1.0" encoding="utf-8" standalone="no" ?>
<modDesc descVersion="47">
    <author>STv-Modding</author>
    <version>1.1.0.0</version>
	<title>
        <en>Fendt 800 S4</en>
    </title>
    <description>
        <en>
<![CDATA[
Price: 212000 €
Power: 220-280hp
Design Color Configurations
Animated Doors
New Colors Rims
-Update 1.1.0.0
-New Colors Design
-Fixed various bugs
-New Colors Rims
-New Details
-New Tires Configurations]]>
</en>
 <de>
<![CDATA[
Preis: 212000 €
Leistung: 220-280ps
Animierte Tür
Felgen in neuen Farben
-Update 1.1.0.0
-Neues Farbdesign
-Verschiedene Fehler behoben
-Felgen in neuen Farben
-Neue Details
-Neue Reifen Konfigurationen]]>
</de>
<fr>
<![CDATA[
Prix: 212000 €
Puissance: 220-280hp
Configurations de conception
Nouvelles couleurs jantes
-Update 1.1.0.0
-Nouveau design des couleurs
-Bugs corrigés
-Nouveaux détails
-Nouvelles configurations de pneus]]>
        </fr>
		<it>
<![CDATA[
Prezzo: 212000 €
Potenza: 220-280cv
Configurazione Design
Animazione Porte
Nuovi Colori Design 
Nuovi colori cerchi
-Update 1.1.0.0
-Nuovi Colori Design 
-Fix vari bug 
-Nuovi colori cerchi
-Nuovi Dettagli
-Nuove configurazione gomme]]>
        </it>
    </description>	
    <iconFilename>icon_fendt800.png</iconFilename>
	<multiplayer supported="true" />
	
    <storeItems>
        <storeItem rootNode="vehicle" xmlFilename="fendt800/fendt800.xml"/>
    </storeItems>
	
	<l10n>
	    <text name="configuration_Normal">
            <en>Standard</en>
            <de>Standard</de>
			<it>Standard</it>
        </text>	
		<text name="configuration_DesignLine">
            <en>Design</en>
            <de>Design</de>
			<it>Design</it>
        </text>	
		<text name="configurationPower">
            <en>Power Line</en>
            <de>Power Line</de>
			<it>Power Line</it>
        </text>	
		<text name="configurationDesign">
            <en>Design Line</en>
            <de>Design Line</de>
			<it>Design Line</it>
        </text>	
		<text name="configuration_valueWarn">
            <en>Design 1</en>
            <de>Design 1</de>
			<it>Design 1</it>
        </text>	
		<text name="configuration_valueCombo">
            <en>Design 2</en>
            <de>Design 2</de>
			<it>Design 2</it>
        </text>	
		<text name="colorGreen">
            <en>Green</en>
            <de>Grün</de>
			<it>Verde</it>
        </text>	
		<text name="colorGreen1">
            <en>Green Light</en>
            <de>Grün 1</de>
			<it>Verde Chiaro</it>
        </text>	
		<text name="colorBlue">
            <en>Blue</en>
            <de>Blau</de>
			<it>Blu</it>
        </text>	
		<text name="colorBlueM">
            <en>Blue Metal</en>
            <de>Blau Mat</de>
			<it>Blu Metallizzato</it>
        </text>	
		<text name="colorGrey">
            <en>Grey</en>
            <de>Grau</de>
			<it>Grigio</it>
        </text>
		<text name="colorBlack">
            <en>Black</en>
            <de>Schwarz</de>
			<it>Nero</it>
        </text>
		<text name="colorBlackM">
            <en>Black Metal</en>
            <de>Schwarz Mat</de>
			<it>Nero Metallizzato</it>
        </text>
		<text name="colorOrange">
            <en>Orange</en>
            <de>Orange</de>
			<it>Arancione</it>
        </text>
		<text name="colorOrangeM">
            <en>Orange Metal</en>
            <de>Orange Mat</de>
			<it>Arancione Metallizzato</it>
        </text>
		<text name="colorRedM">
            <en>Red Metal</en>
            <de>Rot Mat</de>
			<it>Rosso Metallizzato</it>
        </text>
		<text name="colorGold">
            <en>Gold</en>
            <de>Gold</de>
			<it>Oro Metallizzato</it>
        </text>
		<text name="colorGreenM">
            <en>Green Metal</en>
            <de>Grün Mat</de>
			<it>Verde Metallizzato</it>
        </text>
		<text name="colorGreenD">
            <en>Green Dark</en>
            <de>Grün Dark</de>
			<it>Verde Scuro</it>
        </text>
	</l10n>
	
</modDesc>