<?xml version="1.0" encoding="utf-8" standalone="no" ?>
<modDesc descVersion="44">
    <author>Wopster</author>
    <version>1.0.0.0</version>

    <title>
        <en>Guidance Steering</en>
        <de>Guidance Steering</de>
        <fr>Guidance Steering</fr>
        <it>Guidance Steering</it>
        <es>Dirección de Guiado</es>
        <cz>Řízené navádění</cz>
    </title>

    <description>
        <en>
            <![CDATA[
Complete field applications quickly and efficiently with the Guidance Steering mod that helps you accurately setup tracks to work your fields.
Guidance Steering allows you to use different methods in order to create tracks. The AB point method requires you to setup two points (A and B) in order to calculate the steering angle. The A+heading method simplifies this setup with only forcing you to enter the desired steering angle.

Make sure to enable Guidance Steering before you're able to enter the menu.

In order todo this:
- Enable Guidance Steering: left ALT + C
- Show Guidance Steering menu: left CTRL + S

For further info on gameplay please checkout the <a href="https://github.com/stijnwop/guidanceSteering/blob/master/README.md">README</a> on the Github repository.
]]>
        </en>
        <de>
            <![CDATA[
Beende die Feldarbeit schnell und effizient mit dem Guidance Steering Mod, dieser Mod ermöglicht dir, Spuren zu erstellen, um deine Felder effizient zu bearbeiten.
Guidance Steering ermöglicht dir verschiedene Wege um Spuren zu erstellen. Die AB Methode benötigt zwei Punkte (A und B) um den Lenkradwinkel zu errechnen.
Die A+Heading Methode vereinfacht die Einstellung, du kannst den einfach Lenkradwinkel direkt eingeben.

Zuerst musst du Guidance Steering einschalten, bevor du das Menü aufrufen kannst.
Um dies zu machen, musst du zuerst:
- Ein-/Ausschalten des GPS Menü: linke ALT + C
danach
- Zeige GPS Menü: linke CTRL + S

Für weitere Informationen, lese dir die <a href="https://github.com/stijnwop/guidanceSteering/blob/master/README.md">README</a> aus dem Github durch.
]]>
        </de>
        <fr>
            <![CDATA[
Complete field applications quickly and efficiently with the Guidance Steering mod that helps you accurately setup tracks to work your fields.
Guidance Steering allows you to use different methods in order to create tracks. The AB point method requires you to setup two points (A and B) in order to calculate the steering angle. The A+heading method simplifies this setup with only forcing you to enter the desired steering angle.

Make sure to enable Guidance Steering before you're able to enter the menu.

In order todo this:
- Enable Guidance Steering: left ALT + C
- Show Guidance Steering menu: left CTRL + S

For further info on gameplay please checkout the <a href="https://github.com/stijnwop/guidanceSteering/blob/master/README.md">README</a> on the Github repository.
]]>
        </fr>
        <it>
            <![CDATA[Direzione di guida.]]>
        </it>
        <es>
            <![CDATA[Dirección de Guiado.]]>
        </es>
        <cz>
            <![CDATA[
Řízené navádění GPS

Klávesové skratky
- Zobrazit GPS Menu: levé CTRL + S
- Nastavit bod: levý ALT + E
- Automatická šířka: levý ALT + R
- Zapnout GPS: levý ALT + C
- Zapnout řízené navádění: levý ALT + X
- Zarovnání dráhy podle stroje: levý ALT + HOME
- Zúžení šířky dráhy: levý ALT + [-] (Numpad)
- Rozšíření šířky dráhy: levý ALT + [+] (Numpad)
- Posun dráhy doleva: levý ALT + PAGEUP
- Posun dráhy doprava: levý ALT + PAGEDOWN]]>
        </cz>
    </description>

    <l10n filenamePrefix="translations/translation"/>

    <iconFilename>icon.png</iconFilename>
    <multiplayer supported="true"/>

    <extraSourceFiles>
        <sourceFile filename="src/loader.lua"/>
    </extraSourceFiles>

    <actions>
        <action name="GS_TOGGLE" axisType="HALF"/>
        <action name="GS_SHOW_UI" axisType="HALF"/>
        <action name="GS_SETPOINT" axisType="HALF"/>
        <action name="GS_SET_AUTO_WIDTH" axisType="HALF"/>
        <action name="GS_ENABLE_STEERING" axisType="HALF"/>
        <action name="GS_AXIS_WIDTH" axisType="FULL"/>
        <action name="GS_AXIS_SHIFT" axisType="FULL"/>
        <action name="GS_AXIS_REALIGN" axisType="HALF"/>
    </actions>

    <inputBinding>
        <actionBinding action="GS_TOGGLE">
            <binding device="KB_MOUSE_DEFAULT" input="KEY_lalt KEY_c"/>
        </actionBinding>
        <actionBinding action="GS_SHOW_UI">
            <binding device="KB_MOUSE_DEFAULT" input="KEY_lctrl KEY_s"/>
        </actionBinding>
        <actionBinding action="GS_SETPOINT">
            <binding device="KB_MOUSE_DEFAULT" input="KEY_lalt KEY_e"/>
        </actionBinding>
        <actionBinding action="GS_SET_AUTO_WIDTH">
            <binding device="KB_MOUSE_DEFAULT" input="KEY_lalt KEY_r"/>
        </actionBinding>
        <actionBinding action="GS_ENABLE_STEERING">
            <binding device="KB_MOUSE_DEFAULT" input="KEY_lalt KEY_x"/>
        </actionBinding>
        <actionBinding action="GS_AXIS_WIDTH">
            <binding device="KB_MOUSE_DEFAULT" input="KEY_lalt KEY_equals" axisComponent="+"/>
            <binding device="KB_MOUSE_DEFAULT" input="KEY_lalt KEY_minus" axisComponent="-"/>
        </actionBinding>
        <actionBinding action="GS_AXIS_SHIFT">
            <binding device="KB_MOUSE_DEFAULT" input="KEY_lalt KEY_pageup" axisComponent="+"/>
            <binding device="KB_MOUSE_DEFAULT" input="KEY_lalt KEY_pagedown" axisComponent="-"/>
        </actionBinding>
        <actionBinding action="GS_AXIS_REALIGN">
            <binding device="KB_MOUSE_DEFAULT" input="KEY_lalt KEY_home"/>
        </actionBinding>
    </inputBinding>
</modDesc>
